subject,RT,minnms,baselinenms,minretinalslip,baselineretinalslip,immobduration,immobmsamplitude,lastmstime,lastmsamplitude,contrast,eccentricity,mspresent,earlymspresent,latemspresent,blinkpresent,nblinks,session,trial
1,5.89,0,1,12.8,12.8229166666667,1.432,0.103968247198202,1.432,0.103968247198202,1,2,1,0,1,0,0,2,4
1,3.895,0,1,12.6,15.1206896551724,3.306,0.0971114399895137,3.306,0.0971114399895137,1,2,1,0,1,0,0,2,10
1,5.275,1.42857142857143,1,13.5384615384615,13.5357142857143,0.512,0.0895194372744473,0.512,0.0895194372744473,1,2,1,0,1,0,0,2,18
1,4.23,0,1,13.4,14.4444444444444,3.296,0.150719186088458,3.296,0.150719186088458,1,2,1,0,1,0,0,2,39
1,3.998,0,0,14.2,13.95,NaN,NaN,NaN,NaN,1,2,0,0,0,0,0,2,49
2,7.893,1.42857142857143,14,13.6153846153846,14.6363636363636,NaN,NaN,0.126,0.480479814337909,1,2,1,1,1,1,1,1,1
2,9.322,1.42857142857143,21,14.4545454545455,15.4758064516129,NaN,NaN,0.105,0.100304821111773,1,2,1,1,1,0,0,1,8
2,12.756,1.42857142857143,24,14.4545454545455,13.8888888888889,0.318,0.148193488978877,0.318,0.148193488978877,1,2,1,1,1,0,0,1,34
2,7.525,2.85714285714286,22,13.2727272727273,13.4705882352941,NaN,NaN,0.122,0.184139503655213,1,2,1,1,1,0,0,1,42
2,7.859,0,14,15.7857142857143,15.3894736842105,NaN,NaN,0.197,0.231187318128177,1,2,1,0,1,1,1,1,43
3,6.989,0,3,20.2666666666667,18.5614035087719,1.296,0.312397418211348,1.296,0.312397418211348,1,2,1,0,1,0,0,3,3
3,8.078,1.42857142857143,9,22.3846153846154,22.7154471544715,0.786,0.378186642068198,0.786,0.378186642068198,1,2,1,0,1,0,0,3,17
3,13.238,1.42857142857143,15,22.8461538461538,24.7096774193548,0.315,0.328674706889707,0.315,0.328674706889707,1,2,1,0,1,0,0,3,27
3,11.341,1.42857142857143,15,21.0769230769231,21.9545454545455,0.554,0.182540478186703,0.554,0.182540478186703,1,2,1,0,1,0,0,3,41
3,11.737,0,7,22.1333333333333,21.7014925373134,2.93,0.16204231060212,2.93,0.16204231060212,1,2,1,0,1,0,0,3,49
4,11.187,1.42857142857143,11,19,21.8709677419355,NaN,NaN,0.074,0.0563415314369764,1,2,1,1,1,0,0,3,8
4,3.659,1.42857142857143,4,24,23.2244897959184,0.781,0.0523019981280125,0.781,0.0523019981280125,1,2,1,1,1,0,0,3,13
4,11.352,1.42857142857143,12,23.0714285714286,22.0430107526882,0.362,0.0517102281352208,0.362,0.0517102281352208,1,2,1,0,1,0,0,3,18
4,4.195,0,2,22.5333333333333,22.1864406779661,1.457,0.0868601206535631,1.457,0.0868601206535631,1,2,1,0,1,0,0,3,20
4,11.355,1.42857142857143,13,19.1538461538462,20.6290322580645,NaN,NaN,0.29,0.0725852702364499,1,2,1,1,1,0,0,3,27
5,6.223,0,1,11.8,11.8494623655914,4.153,0.0561334402774625,4.153,0.0561334402774625,1,2,1,0,1,1,1,1,4
5,6.332,0,2,12.8,12.4891304347826,1.423,0.480997497719418,1.423,0.480997497719418,1,2,1,0,1,1,1,1,11
5,5.969,1.42857142857143,10,11.5384615384615,12.6056338028169,NaN,NaN,0.119,0.321673591037144,1,2,1,1,1,1,1,1,13
5,6.852,2.85714285714286,6,11.1,12.0322580645161,0.537,0.701466029029008,0.537,0.701466029029008,1,2,1,0,1,1,1,1,32
5,7.751,0,25,13.1333333333333,12.5066666666667,1.586,1.29364104942136,1.586,1.29364104942136,1,2,1,0,1,0,0,1,41
6,3.26,0,1,18.8666666666667,18.2173913043478,3.155,0.0521339646571244,3.155,0.0521339646571244,1,2,1,1,0,0,0,3,12
6,2.609,0,0,21.1333333333333,19.6060606060606,NaN,NaN,NaN,NaN,1,2,0,0,0,0,0,3,20
6,4.12,0,1,21.7333333333333,21.3015873015873,3.524,0.163902999189444,3.524,0.163902999189444,1,2,1,0,1,0,0,3,28
6,4.167,1.42857142857143,1,18.1666666666667,19.5645161290323,0.496,0.206473031283005,0.496,0.206473031283005,1,2,1,0,1,0,0,3,29
6,4.22,1.42857142857143,2,21.9,24.1147540983607,0.748,0.19509923865939,0.748,0.19509923865939,1,2,1,0,1,0,0,3,39
7,3.703,0,0,14.6,13.6481481481481,NaN,NaN,NaN,NaN,1,2,0,0,0,0,0,3,7
7,2.672,0,0,15.5333333333333,15.1176470588235,NaN,NaN,NaN,NaN,1,2,0,0,0,0,0,3,16
7,5.386,0,0,13.7333333333333,13.2386363636364,NaN,NaN,NaN,NaN,1,2,0,0,0,0,0,3,24
7,2.672,0,1,12.4,11.4,1.864,0.510483217726622,1.864,0.510483217726622,1,2,1,0,1,0,0,3,35
7,2.606,0,0,13.9333333333333,13.3939393939394,NaN,NaN,NaN,NaN,1,2,0,0,0,0,0,3,49
8,7.589,0,3,10.4666666666667,10.6810344827586,2.347,0.40117132086587,2.347,0.40117132086587,1,2,1,0,1,1,1,2,14
8,6.669,0,5,9.06666666666667,10.1595744680851,2.176,1.2160482229449,2.176,1.2160482229449,1,2,1,0,1,1,1,2,27
8,9.952,1.42857142857143,13,9.81818181818182,10.1196581196581,0.598,0.133314445198061,0.598,0.133314445198061,1,2,1,0,1,1,3,2,32
8,7.148,1.42857142857143,8,11.3846153846154,10.5934065934066,0.592,0.397333683311865,0.592,0.397333683311865,1,2,1,1,1,1,2,2,44
9,5.389,0,3,26.5333333333333,27.0361445783133,4.03,0.393188705419897,4.03,0.393188705419897,1,2,1,0,1,0,0,3,22
9,7.153,0,2,25.2,26.9430894308943,4.71,0.4473346059238,4.71,0.4473346059238,1,2,1,0,1,0,0,3,36
9,7.185,1.42857142857143,7,28.1538461538462,27.9035087719298,0.77,0.348463566849954,0.77,0.348463566849954,1,2,1,0,1,0,0,3,43
9,13.41,0,4,23.2857142857143,27.0173913043478,NaN,NaN,0.033,0.371172998347107,1,2,1,0,1,1,1,3,44
9,4.916,0,1,25,23.3670886075949,4.845,0.317498515043596,4.845,0.317498515043596,1,2,1,1,0,0,0,3,50
10,7.423,0,6,20.2,18.7647058823529,1.344,0.27391080201766,1.344,0.27391080201766,1,2,1,1,1,0,0,3,22
10,11.872,1.42857142857143,12,16.9230769230769,18.9948453608247,NaN,NaN,0.12,0.194525907783455,1,2,1,0,1,0,0,3,29
10,11.139,2.85714285714286,19,15.9090909090909,19.6196319018405,0.353,0.181767416627786,0.353,0.181767416627786,1,2,1,0,1,0,0,3,30
10,14.22,4.28571428571429,34,17.4,19.0201005025126,0.379,0.381859815452453,0.379,0.381859815452453,1,2,1,1,1,0,0,3,46
10,13.519,1.42857142857143,27,17.1666666666667,18.6105263157895,0.538,0.236827473473441,0.538,0.236827473473441,1,2,1,1,1,1,1,3,50
11,6.275,0,9,20,20.1758241758242,1.295,0.31515257376525,1.295,0.31515257376525,1,2,1,1,1,0,0,1,2
11,5.383,0,5,19.5333333333333,20.5301204819277,1.27,0.0929897043171073,1.27,0.0929897043171073,1,2,1,1,1,0,0,1,9
11,4.494,0,4,22,21.34375,1.004,0.579262611206792,1.004,0.579262611206792,1,2,1,0,1,0,0,1,14
11,8.156,0,14,20.9333333333333,20.4778761061947,NaN,NaN,0.05,0.220225688685173,1,2,1,1,1,0,0,1,40
11,4.429,2.85714285714286,5,22.5,22.3103448275862,0.696,0.0507688794132671,0.696,0.0507688794132671,1,2,1,0,1,0,0,1,48
12,3.652,1.42857142857143,3,14.4615384615385,12.4468085106383,0.938,0.097927235294494,0.938,0.097927235294494,1,2,1,0,1,0,0,1,12
12,6.004,0,2,15.6,14.8571428571429,3.86,0.0960170665569882,3.86,0.0960170665569882,1,2,1,0,1,0,0,1,21
12,5.736,0,4,15,14.9710144927536,NaN,NaN,0.09,0.0937854202580226,1,2,1,0,1,1,2,1,42
12,6.9,2.85714285714286,12,11,15.9733333333333,0.463,0.156671019368527,0.463,0.156671019368527,1,2,1,0,1,1,2,1,43
12,4.655,2.85714285714286,6,14.0909090909091,14.1111111111111,NaN,NaN,0.015,1.08461533210492,1,2,1,0,1,1,1,1,45
13,11.836,1.42857142857143,19,24.25,26.7209302325581,0.46,0.145811398183811,0.46,0.145811398183811,1,2,1,1,1,1,4,2,24
13,18.385,0,21,23.0714285714286,23.3106796116505,NaN,NaN,0.202,0.400784465300106,1,2,1,0,1,1,8,2,27
13,3.606,2.85714285714286,5,21.9090909090909,21.9354838709677,0.306,0.179575121412377,0.306,0.179575121412377,1,2,1,1,1,1,1,2,38
14,12.239,1.42857142857143,17,19.4615384615385,20.8027210884354,0.539,0.352554022735153,0.539,0.352554022735153,1,2,1,0,1,1,5,1,13
14,13.842,2.85714285714286,18,21.8,19.1447368421053,0.559,0.183979388093658,0.559,0.183979388093658,1,2,1,0,1,1,8,1,18
14,9.158,1.42857142857143,6,20.5384615384615,20.3953488372093,NaN,NaN,0.283,0.0906033934110648,1,2,1,0,1,1,8,1,37
15,5.359,0,0,18.8,18.0689655172414,NaN,NaN,NaN,NaN,1,2,0,0,0,0,0,3,28
15,14.023,0,6,16.2666666666667,16.4560669456067,2.078,0.536910850906783,2.078,0.536910850906783,1,2,1,1,1,1,1,3,31
15,5.557,0,1,16.6666666666667,15.1573033707865,2.746,0.0648499724382717,2.746,0.0648499724382717,1,2,1,0,1,0,0,3,36
15,3.941,0,0,14.6,15.2372881355932,NaN,NaN,NaN,NaN,1,2,0,0,0,0,0,3,38
15,5.359,1.42857142857143,2,14.1538461538462,14.5595238095238,0.93,0.0930683316609903,0.93,0.0930683316609903,1,2,1,0,1,0,0,3,40
16,4.588,1.42857142857143,3,25.25,24.4242424242424,0.454,0.148026142049807,0.454,0.148026142049807,1,2,1,0,1,0,0,1,2
16,2.161,1.42857142857143,1,25.2142857142857,24.2272727272727,0.966,0.0823940802120863,0.966,0.0823940802120863,1,2,1,0,1,0,0,1,18
16,2.956,0,1,28.6,26.8157894736842,1.201,0.134447349948913,1.201,0.134447349948913,1,2,1,0,1,0,0,1,30
17,2.841,0,0,14.5333333333333,14.4324324324324,NaN,NaN,NaN,NaN,1,2,0,0,0,0,0,3,1
17,5.273,0,2,12.6666666666667,13.5365853658537,2.631,0.271061930859009,2.631,0.271061930859009,1,2,1,0,1,0,0,3,13
17,3.809,0,0,12.8,13.8245614035088,NaN,NaN,NaN,NaN,1,2,0,0,0,0,0,3,19
17,6.174,0,0,13.6666666666667,13.375,NaN,NaN,NaN,NaN,1,2,0,0,0,0,0,3,26
17,4.173,0,0,14,13.171875,NaN,NaN,NaN,NaN,1,2,0,0,0,0,0,3,32
18,5.989,0,3,29.8,31.5979381443299,4.262,0.338304325183867,4.262,0.338304325183867,1,2,1,1,1,0,0,1,11
18,5.738,0,5,11,11.5764705882353,2.094,0.113496975021284,2.094,0.113496975021284,1,2,1,0,1,0,0,1,18
18,5.312,0,2,13.5333333333333,11.5180722891566,2.723,0.132556906904448,2.723,0.132556906904448,1,2,1,0,1,0,0,1,22
18,5.575,2.85714285714286,9,11.1818181818182,10.6233766233766,0.526,0.287713960853292,0.526,0.287713960853292,1,2,1,1,1,0,0,1,24
18,5.023,0,3,12,11.9452054794521,3.291,0.0825648414129081,3.291,0.0825648414129081,1,2,1,0,1,1,0,1,29
19,9.756,0,0,10.6666666666667,10.2897727272727,NaN,NaN,NaN,NaN,1,2,0,0,0,0,0,1,1
19,14.509,0,3,9.6,10.0912547528517,12.137,0.381532134370144,12.137,0.381532134370144,1,2,1,0,1,0,0,1,5
19,13.087,0,10,10.9333333333333,10.1590909090909,2.634,0.658435106045216,2.634,0.658435106045216,1,2,1,1,1,0,0,1,20
19,16.539,0,3,11.2,11.006600660066,11.032,0.45672174620255,11.032,0.45672174620255,1,2,1,0,1,0,0,1,26
19,13.107,0,9,10.2666666666667,11.5630630630631,1.7,0.957966002762116,1.7,0.957966002762116,1,2,1,0,1,0,0,1,38
20,6.453,1.42857142857143,9,16.7692307692308,18.1276595744681,0.394,0.0839691938364783,0.394,0.0839691938364783,1,2,1,1,1,0,0,1,4
20,5.926,0,8,18.0666666666667,19.8863636363636,1.196,0.129364355806202,1.196,0.129364355806202,1,2,1,1,1,0,0,1,15
20,6.524,1.42857142857143,7,14.6666666666667,16.8666666666667,0.603,0.239312863603943,0.603,0.239312863603943,1,2,1,1,1,1,1,1,36
20,7.31,1.42857142857143,9,13.9166666666667,14.2477064220183,0.417,0.17714166697372,0.417,0.17714166697372,1,2,1,1,1,1,1,1,39
20,4.838,2.85714285714286,6,18.2727272727273,17.7121212121212,0.373,0.404742436417351,0.373,0.404742436417351,1,2,1,1,1,0,0,1,48
21,5.289,1.42857142857143,7,13.3076923076923,14.8133333333333,0.372,0.117771075984254,0.372,0.117771075984254,1,2,1,1,1,0,0,1,11
21,4.573,2.85714285714286,4,16.0909090909091,13.609375,0.381,0.428631696633992,0.381,0.428631696633992,1,2,1,1,1,0,0,1,15
21,3.959,1.42857142857143,5,16.2307692307692,14.9423076923077,0.672,0.300522753514192,0.672,0.300522753514192,1,2,1,1,1,0,0,1,16
21,8.291,1.42857142857143,14,15.2307692307692,16.8119658119658,0.573,0.117760528342534,0.573,0.117760528342534,1,2,1,0,1,0,0,1,42
21,7.072,2.85714285714286,13,15.4,14.3440860215054,NaN,NaN,0.094,0.188172618267389,1,2,1,1,1,0,0,1,43
1,2.021,0,0,13.2,14.0952380952381,NaN,NaN,NaN,NaN,1,4,0,0,0,0,0,1,17
1,2.006,0,0,14.5333333333333,14.2857142857143,NaN,NaN,NaN,NaN,1,4,0,0,0,0,0,1,23
1,3.17,0,2,15.7333333333333,17.1162790697674,2.472,0.0537805949649199,2.472,0.0537805949649199,1,4,1,1,1,0,0,1,39
1,3.441,0,0,18.6,17.734693877551,NaN,NaN,NaN,NaN,1,4,0,0,0,0,0,1,42
2,3.081,0,0,34.5333333333333,35.2619047619048,NaN,NaN,NaN,NaN,1,4,0,0,0,0,0,3,6
2,2.944,0,0,18.3636363636364,19.0909090909091,NaN,NaN,NaN,NaN,1,4,0,0,0,1,1,3,28
2,3.312,0,1,16.6,16.9574468085106,2.983,0.126258203334334,2.983,0.126258203334334,1,4,1,1,0,0,0,3,30
2,2.345,0,0,12.9333333333333,12.5555555555556,NaN,NaN,NaN,NaN,1,4,0,0,0,0,0,3,41
3,2.708,0,0,16.6666666666667,16.4,NaN,NaN,NaN,NaN,1,4,0,0,0,0,0,1,2
3,3.622,2.85714285714286,5,16.4545454545455,18.6744186046512,0.412,0.371940164674634,0.412,0.371940164674634,1,4,1,0,1,0,0,1,16
3,2.135,0,0,18.0666666666667,17.3478260869565,NaN,NaN,NaN,NaN,1,4,0,0,0,0,0,1,18
3,3.359,0,1,15.1333333333333,15.7333333333333,2.582,0.314549865517924,2.582,0.314549865517924,1,4,1,0,1,1,0,1,33
3,2.802,0,1,16.8,17.2571428571429,2.072,0.402851124511653,2.072,0.402851124511653,1,4,1,0,1,0,0,1,40
4,11.299,1.42857142857143,10,18.3076923076923,18.3333333333333,0.65,0.0622489894719473,0.65,0.0622489894719473,1,4,1,0,1,1,1,3,8
4,7.772,0,6,16.6,16.7438016528926,1.017,0.240560025595758,1.017,0.240560025595758,1,4,1,0,1,0,0,3,17
4,9.463,1.42857142857143,10,16.6923076923077,17.7651006711409,NaN,NaN,0.082,0.380008613430709,1,4,1,0,1,0,0,3,20
4,10.199,1.42857142857143,12,16.9166666666667,16.975,0.879,0.187812549737757,0.879,0.187812549737757,1,4,1,1,1,0,0,3,33
4,5.855,0,4,16.4666666666667,16.4239130434783,NaN,NaN,0.137,0.0670763066140631,1,4,1,0,1,0,0,3,34
5,3.54,0,0,12.2,14.0588235294118,NaN,NaN,NaN,NaN,1,4,0,0,0,0,0,2,7
5,5.917,0,1,12.8666666666667,12.4827586206897,1.893,0.235979249895885,1.893,0.235979249895885,1,4,1,0,1,1,1,2,14
5,4.04,0,0,13.1333333333333,11.8032786885246,NaN,NaN,NaN,NaN,1,4,0,0,0,0,0,2,15
5,5.119,0,1,9.86666666666667,11.0625,2.378,0.145846218340118,2.378,0.145846218340118,1,4,1,0,1,0,0,2,28
5,4.973,0,0,11.7333333333333,12.125,NaN,NaN,NaN,NaN,1,4,0,0,0,0,0,2,29
6,3.8,0,2,16.5384615384615,16.1851851851852,NaN,NaN,0.27,0.0565602136214951,1,4,1,1,1,0,0,3,6
6,3.669,0,1,16.8666666666667,16.5769230769231,NaN,NaN,0.151,0.0819833766515534,1,4,1,1,1,0,0,3,22
6,2.14,0,0,18.8,17.695652173913,NaN,NaN,NaN,NaN,1,4,0,0,0,0,0,3,32
6,2.98,0,2,15.2666666666667,15.4324324324324,1.739,0.448120624660859,1.739,0.448120624660859,1,4,1,1,1,0,0,3,44
7,2.775,0,0,18.0666666666667,17.1388888888889,NaN,NaN,NaN,NaN,1,4,0,0,0,0,0,3,24
7,2.195,0,0,18.2666666666667,17.1666666666667,NaN,NaN,NaN,NaN,1,4,0,0,0,0,0,3,31
7,2.441,0,0,17.2,17.8275862068966,NaN,NaN,NaN,NaN,1,4,0,0,0,0,0,3,32
7,2.521,0,1,15.6,16.6,2.411,0.589089822766097,2.411,0.589089822766097,1,4,1,1,0,0,0,3,42
8,4.262,2.85714285714286,8,10.9090909090909,12.3958333333333,0.412,0.272154591441832,0.412,0.272154591441832,1,4,1,0,1,0,0,3,21
8,2.188,0,2,16.3333333333333,13.1,NaN,NaN,0.227,0.472725970761574,1,4,1,1,0,1,1,3,36
9,6.749,0,3,20.9333333333333,19.1743119266055,4.923,0.108378877288219,4.923,0.108378877288219,1,4,1,0,1,0,0,1,7
9,6.365,0,7,21,21.0204081632653,1.416,0.233615489999504,1.416,0.233615489999504,1,4,1,1,1,0,0,1,19
9,6.423,4.28571428571429,27,27.75,28.2,0.427,0.402290479558698,0.427,0.402290479558698,1,4,1,1,1,0,0,1,33
9,6.585,0,2,22.4666666666667,22.9634146341463,5.245,0.187758109853796,5.245,0.187758109853796,1,4,1,0,1,1,1,1,36
10,13.719,1.42857142857143,22,22.75,21.2307692307692,NaN,NaN,0.251,0.0650330375175489,1,4,1,1,1,1,2,3,9
10,15.895,0,28,18.8666666666667,20.1090909090909,1.082,0.0602141338781937,1.082,0.0602141338781937,1,4,1,1,1,1,2,3,17
10,5.89,2.85714285714286,11,17.4545454545455,18.4155844155844,0.465,0.198795098190223,0.465,0.198795098190223,1,4,1,1,1,0,0,3,40
10,6.75,0,14,19.5333333333333,19.4772727272727,1.481,0.169180338312603,1.481,0.169180338312603,1,4,1,1,1,0,0,3,41
10,12.983,2.85714285714286,23,21.3,20.5255102040816,NaN,NaN,0.169,0.119524602450775,1,4,1,0,1,0,0,3,47
11,5.743,1.42857142857143,3,23.2307692307692,20.9333333333333,0.778,0.362643115011343,0.778,0.362643115011343,1,4,1,0,1,0,0,2,4
11,3.53,0,2,23.7333333333333,25.6153846153846,1.84,0.324371099008891,1.84,0.324371099008891,1,4,1,1,1,1,1,2,34
11,7.342,2.85714285714286,20,21.8181818181818,24.6144578313253,0.631,0.39983107083005,0.631,0.39983107083005,1,4,1,1,1,0,0,2,35
11,4.439,2.85714285714286,5,22.8181818181818,21.948275862069,0.326,0.384006113143402,0.326,0.384006113143402,1,4,1,0,1,0,0,2,42
11,5.698,0,8,22.5384615384615,21,NaN,NaN,0.038,0.381080098958159,1,4,1,0,1,0,0,2,50
12,4.319,0,6,13.5714285714286,12.7118644067797,NaN,NaN,0.214,0.123297353799521,1,4,1,1,1,0,0,3,2
12,4.388,0,2,12.8666666666667,13.5151515151515,1.125,0.0645667619416118,1.125,0.0645667619416118,1,4,1,0,1,0,0,3,7
12,4.554,0,0,13.25,13.5,NaN,NaN,NaN,NaN,1,4,0,0,0,1,1,3,8
12,3.234,2.85714285714286,6,13.4545454545455,11.8292682926829,NaN,NaN,0.24,0.156308765944619,1,4,1,1,1,0,0,3,16
12,3.149,0,0,14.1333333333333,12.7441860465116,NaN,NaN,NaN,NaN,1,4,0,0,0,0,0,3,27
13,6.457,0,6,23.1333333333333,23.8271604938272,1.875,0.15193307469209,1.875,0.15193307469209,1,4,1,0,1,1,2,1,8
13,13.991,0,5,21.4,22.3023255813953,2.428,0.410236721249891,2.428,0.410236721249891,1,4,1,0,1,1,4,1,10
13,6.74,0,1,19.6666666666667,21.8541666666667,3.384,0.159725504259426,3.384,0.159725504259426,1,4,1,0,1,1,2,1,27
13,2.858,0,0,21.1333333333333,20.8918918918919,NaN,NaN,NaN,NaN,1,4,0,0,0,0,0,1,41
14,6.56,0,10,18.1428571428571,18.1267605633803,1.512,0.124125606217439,1.512,0.124125606217439,1,4,1,1,1,1,3,3,2
14,4.289,0,8,20.1,21.4705882352941,1.232,0.698537176063488,1.232,0.698537176063488,1,4,1,1,1,1,2,3,9
14,2.962,0,6,19.125,18.125,1.161,0.176778106407509,1.161,0.176778106407509,1,4,1,1,1,1,1,3,21
14,5.74,0,5,20.3076923076923,22.1320754716981,1.332,0.210103093691515,1.332,0.210103093691515,1,4,1,0,1,1,4,3,32
15,14.203,0,2,14.1333333333333,16.6758893280632,5.117,0.238187555266602,5.117,0.238187555266602,1,4,1,0,1,1,1,3,2
15,5.041,0,1,15.4666666666667,15.1481481481481,4.62,0.364413100094238,4.62,0.364413100094238,1,4,1,1,0,0,0,3,9
15,5.79,0,2,13.0666666666667,13.6170212765957,4.475,0.341645679814182,4.475,0.341645679814182,1,4,1,1,1,0,0,3,12
15,3.908,0,0,15.8666666666667,15.0508474576271,NaN,NaN,NaN,NaN,1,4,0,0,0,0,0,3,14
15,5.205,0,0,14,13.9764705882353,NaN,NaN,NaN,NaN,1,4,0,0,0,0,0,3,37
16,3.511,0,3,19.1333333333333,15.8775510204082,1.814,0.122544726253439,1.814,0.122544726253439,1,4,1,1,1,0,0,2,6
16,2.311,1.42857142857143,2,14.7692307692308,14.04,0.893,0.156038768946293,0.893,0.156038768946293,1,4,1,1,1,0,0,2,32
16,3.008,1.42857142857143,3,15,15.9459459459459,0.878,0.188296561390915,0.878,0.188296561390915,1,4,1,1,1,0,0,2,34
16,2.024,1.42857142857143,2,14,14.05,0.325,0.0812669729831784,0.325,0.0812669729831784,1,4,1,1,1,0,0,2,39
16,2.977,0,3,16.4,17.4,1.242,0.0585001000137289,1.242,0.0585001000137289,1,4,1,0,1,0,0,2,47
17,16.257,2.85714285714286,10,14.0909090909091,13.7092511013216,0.376,0.070145418103585,0.376,0.070145418103585,1,4,1,0,1,1,6,1,4
17,6.84,2.85714285714286,8,16.9090909090909,16.5238095238095,0.487,0.215234032932046,0.487,0.215234032932046,1,4,1,1,1,0,0,1,20
17,3.928,2.85714285714286,7,17.4545454545455,21.219512195122,0.318,0.461896239509509,0.318,0.461896239509509,1,4,1,1,1,1,1,1,36
17,3.645,2.85714285714286,4,14.25,12.4285714285714,0.656,0.0518315020461246,0.656,0.0518315020461246,1,4,1,1,1,0,0,1,45
17,3.91,0,3,11.8666666666667,12.7037037037037,1.684,0.12477637019523,1.684,0.12477637019523,1,4,1,1,1,0,0,1,48
18,5.91,0,2,15.4666666666667,15.2613636363636,3.63,0.0544150352584017,3.63,0.0544150352584017,1,4,1,0,1,1,1,2,5
18,5.907,1.42857142857143,2,17.4166666666667,17.0842105263158,NaN,NaN,0.257,0.114147946882268,1,4,1,0,1,0,0,2,30
18,13.053,1.42857142857143,4,15.3846153846154,16.6844444444444,0.522,0.159655707570095,0.522,0.159655707570095,1,4,1,1,1,1,1,2,40
19,15.261,1.42857142857143,5,13.9166666666667,13.4357142857143,0.721,0.824742991674544,0.721,0.824742991674544,1,4,1,1,1,0,0,3,4
19,5.741,1.42857142857143,4,14.4545454545455,12.4252873563218,0.501,0.776035796695711,0.501,0.776035796695711,1,4,1,1,1,0,0,3,19
19,5.163,1.42857142857143,1,13.2307692307692,11.5853658536585,0.369,0.0635110340681664,0.369,0.0635110340681664,1,4,1,0,1,0,0,3,23
19,14.402,1.42857142857143,12,11.6666666666667,11.8865546218487,0.654,0.336489081589097,0.654,0.336489081589097,1,4,1,1,1,0,0,3,36
19,6.026,0,6,14.2666666666667,13.0555555555556,2.625,0.376246659370526,2.625,0.376246659370526,1,4,1,1,1,0,0,3,47
20,16.037,0,14,20.9333333333333,20.6029962546816,1.367,0.0555736636630738,1.367,0.0555736636630738,1,4,1,1,1,1,1,3,10
20,16.836,1.42857142857143,30,19.2307692307692,20.1769230769231,0.658,0.332800417895739,0.658,0.332800417895739,1,4,1,1,1,0,0,3,12
20,17.47,2.85714285714286,24,19.3636363636364,21.5138339920949,NaN,NaN,0.267,0.134827432874776,1,4,1,1,1,1,3,3,24
20,12.456,1.42857142857143,15,20.4166666666667,21.0376344086022,NaN,NaN,0.066,0.362292778439379,1,4,1,1,1,1,2,3,33
20,14.439,0,15,24.25,21.9860465116279,2.372,0.316904081573844,2.372,0.316904081573844,1,4,1,1,1,1,3,3,34
21,4.631,0,3,14.8666666666667,14.6764705882353,2.696,0.105809539936632,2.696,0.105809539936632,1,4,1,0,1,0,0,2,2
21,5.373,4.28571428571429,16,17.1111111111111,16.0322580645161,NaN,NaN,0.119,0.31737790904823,1,4,1,1,1,0,0,2,11
21,7.47,0,7,25.0666666666667,27.2016806722689,2.064,0.254045530199477,2.064,0.254045530199477,1,4,1,0,1,0,0,2,33
21,8.292,4.28571428571429,18,21,20.495652173913,NaN,NaN,0.219,0.11905524193286,1,4,1,0,1,0,0,2,36
21,5.341,2.85714285714286,10,29.0909090909091,27.7428571428571,0.531,0.193657659175281,0.531,0.193657659175281,1,4,1,1,1,0,0,2,50
1,5.927,0,1,15,14.8453608247423,3.306,0.0812115900523046,3.306,0.0812115900523046,1,6,1,0,1,0,0,2,7
1,4.55,0,3,14.0666666666667,15.6031746031746,1.943,0.58019325769441,1.943,0.58019325769441,1,6,1,0,1,0,0,2,10
1,5.089,0,2,16.9333333333333,16.0512820512821,2.663,0.066845837556963,2.663,0.066845837556963,1,6,1,0,1,0,0,2,15
1,4.376,0,2,17,16.265625,1.973,0.0503696518616538,1.973,0.0503696518616538,1,6,1,0,1,0,0,2,36
1,3.506,0,0,15.9230769230769,15.04,NaN,NaN,0.266,0.154534983115799,1,6,0,0,0,0,0,2,38
2,7.217,0,6,10.6666666666667,10.9375,4.131,0.256682519619573,4.131,0.256682519619573,1,6,1,1,1,0,0,3,5
2,6.058,1.42857142857143,15,10.9090909090909,13.8550724637681,NaN,NaN,0.205,0.577665412702336,1,6,1,1,1,0,0,3,28
2,9.508,1.42857142857143,24,11,12.0504201680672,0.889,0.594616309044394,0.889,0.594616309044394,1,6,1,1,1,0,0,3,33
2,6.837,4.28571428571429,19,11.2857142857143,15.125,NaN,NaN,0.155,0.0945456245668734,1,6,1,1,1,0,0,3,44
2,5.194,1.42857142857143,13,13.3333333333333,13.9661016949153,NaN,NaN,0.208,0.311499504070215,1,6,1,1,1,0,0,3,47
3,3.391,0,0,23.4,24.2083333333333,NaN,NaN,NaN,NaN,1,6,0,0,0,0,0,3,4
3,2.238,0,0,20.4666666666667,20.76,NaN,NaN,NaN,NaN,1,6,0,0,0,0,0,3,21
3,4.688,0,1,24.2,23.125,2.014,0.901335621216875,2.014,0.901335621216875,1,6,1,0,1,0,0,3,37
3,2.651,0,6,25.2666666666667,25.1904761904762,1.082,0.290685108509162,1.082,0.290685108509162,1,6,1,0,1,0,0,3,40
3,3.729,2.85714285714286,6,26.2222222222222,23.906976744186,NaN,NaN,0.232,0.299754865491314,1,6,1,0,1,0,0,3,41
4,4.576,1.42857142857143,5,12,12.9206349206349,0.676,0.120521887504488,0.676,0.120521887504488,1,6,1,1,1,0,0,1,8
4,4.756,0,6,12.6,13.96875,1.045,0.309052706196305,1.045,0.309052706196305,1,6,1,1,1,0,0,1,13
4,5.176,1.42857142857143,6,12.2307692307692,12.4324324324324,0.668,0.085936243954405,0.668,0.085936243954405,1,6,1,1,1,0,0,1,18
5,5.222,0,0,12.5333333333333,13.987012987013,NaN,NaN,NaN,NaN,1,6,0,0,0,1,1,2,5
5,11.228,2.85714285714286,12,13.3,12.1180555555556,0.681,0.304431014077461,0.681,0.304431014077461,1,6,1,1,1,1,4,2,16
5,7.296,0,1,10.0666666666667,11.877358490566,1.963,0.111617993886397,1.963,0.111617993886397,1,6,1,0,1,1,2,2,33
5,6.142,0,1,11.5714285714286,11.8674698795181,3.198,0.29465164445191,3.198,0.29465164445191,1,6,1,0,1,1,2,2,34
6,8.421,0,3,25,21.2068965517241,2.958,0.25223019729709,2.958,0.25223019729709,1,6,1,0,1,0,0,1,1
6,10.059,0,8,33.6,26.3006134969325,4.171,0.574705775841292,4.171,0.574705775841292,1,6,1,0,1,0,0,1,8
6,12.088,0,7,25.9333333333333,24.647619047619,8.008,0.481826336040829,8.008,0.481826336040829,1,6,1,1,1,0,0,1,12
7,4.504,0,2,13.0666666666667,13.0869565217391,3.624,0.253635343389958,3.624,0.253635343389958,1,6,1,0,1,0,0,1,3
7,3.815,2.85714285714286,2,16.2,14.5192307692308,0.734,0.549520055596738,0.734,0.549520055596738,1,6,1,0,1,0,0,1,8
7,3.336,0,3,13.2666666666667,14.7954545454545,2.373,0.196158250997151,2.373,0.196158250997151,1,6,1,0,1,0,0,1,14
7,3.981,0,3,13.2666666666667,14.1636363636364,2.967,0.314981894441352,2.967,0.314981894441352,1,6,1,1,1,0,0,1,24
7,3.368,0,2,16.7333333333333,15.2888888888889,2.222,0.346548807725453,2.222,0.346548807725453,1,6,1,1,1,0,0,1,30
8,4.425,4.28571428571429,5,10,11.0588235294118,NaN,NaN,0.129,0.258173719488606,1,6,1,0,1,1,2,2,13
8,4.237,0,0,10.6,10.7692307692308,NaN,NaN,NaN,NaN,1,6,0,0,0,0,0,2,34
9,5.651,0,0,22.8666666666667,24.1720430107527,NaN,NaN,NaN,NaN,1,6,0,0,0,0,0,3,8
9,7.072,0,2,21.9333333333333,24,5.448,0.345788571668923,5.448,0.345788571668923,1,6,1,0,1,0,0,3,12
9,4.717,0,1,24.2666666666667,24.2535211267606,2.868,0.358667429915499,2.868,0.358667429915499,1,6,1,0,1,0,0,3,42
9,13.013,0,13,29.6,25.4418604651163,1.548,0.188758226033779,1.548,0.188758226033779,1,6,1,0,1,0,0,3,43
9,4.349,0,1,26.2666666666667,25.9692307692308,3.605,0.123322976656067,3.605,0.123322976656067,1,6,1,0,1,0,0,3,50
10,6.217,0,0,19.3333333333333,18.9714285714286,NaN,NaN,NaN,NaN,1,6,0,0,0,0,0,1,5
10,8.231,0,4,16.8,18.3503649635037,1.304,0.144307870513493,1.304,0.144307870513493,1,6,1,0,1,0,0,1,6
10,5.387,0,4,17.3333333333333,16.9,3.033,0.0818882904137305,3.033,0.0818882904137305,1,6,1,0,1,0,0,1,9
10,7.064,1.42857142857143,2,18,18.5847457627119,0.757,0.068704475627652,0.757,0.068704475627652,1,6,1,0,1,0,0,1,11
10,13.18,0,12,17.2666666666667,18.8095238095238,1.72,0.270068130325733,1.72,0.270068130325733,1,6,1,1,1,1,1,1,46
11,6.471,5.71428571428571,24,21.5,22,0.389,0.420842634708659,0.389,0.420842634708659,1,6,1,1,1,0,0,2,12
11,5.184,0,13,22.6428571428571,21.6181818181818,NaN,NaN,0.196,0.314625746488252,1,6,1,0,1,0,0,2,24
11,4.756,1.42857142857143,9,20,20.9672131147541,NaN,NaN,0.265,0.354461207945852,1,6,1,0,1,0,0,2,26
11,3.823,2.85714285714286,8,23.5454545454545,23.1777777777778,0.633,0.158431625171057,0.633,0.158431625171057,1,6,1,1,1,0,0,2,45
11,3.554,4.28571428571429,14,24.6666666666667,22.2916666666667,NaN,NaN,0.095,0.614989810818043,1,6,1,1,1,0,0,2,46
12,5.287,0,3,13.8,12.390243902439,NaN,NaN,0.075,0.0513923512851758,1,6,1,1,1,0,0,1,3
12,5.103,2.85714285714286,5,12.7,12.2428571428571,0.404,0.143394615742783,0.404,0.143394615742783,1,6,1,0,1,0,0,1,6
12,3.837,5.71428571428571,6,15.125,16.4042553191489,NaN,NaN,0.026,0.223543523374952,1,6,1,0,1,0,0,1,31
12,3.201,0,0,14.2666666666667,13.5581395348837,NaN,NaN,NaN,NaN,1,6,0,0,0,0,0,1,46
13,5.888,0,1,18.8666666666667,19.9156626506024,2.919,0.3193987847206,2.919,0.3193987847206,1,6,1,0,1,1,1,2,28
13,2.791,0,0,21.4,21.7222222222222,NaN,NaN,NaN,NaN,1,6,0,0,0,0,0,2,33
13,4.05,0,2,21.8666666666667,20.1111111111111,1.521,0.260927421685559,1.521,0.260927421685559,1,6,1,0,1,1,1,2,37
13,3.022,0,0,19.7333333333333,19.4390243902439,2.981,0.292459853249463,2.981,0.292459853249463,1,6,1,1,0,0,0,2,38
13,4.685,0,5,21.8666666666667,22.4038461538462,1.384,0.314810228013991,1.384,0.314810228013991,1,6,1,1,1,1,1,2,40
14,6.096,0,5,17.8181818181818,17.9512195121951,2.171,0.203825096944948,2.171,0.203825096944948,1,6,1,0,1,1,2,2,3
14,6.674,1.42857142857143,13,17.6923076923077,18.1641791044776,0.48,0.458895214792141,0.48,0.458895214792141,1,6,1,0,1,1,3,2,33
14,4.994,0,5,17.4666666666667,17.4444444444444,1.042,0.517696483762749,1.042,0.517696483762749,1,6,1,0,1,1,3,2,40
14,6.496,0,7,18.2857142857143,16.6551724137931,1.102,0.260238561256504,1.102,0.260238561256504,1,6,1,1,1,1,5,2,49
15,4.524,0,1,16.1333333333333,16.0704225352113,4.032,0.0902317539963485,4.032,0.0902317539963485,1,6,1,1,0,0,0,2,7
15,4.707,0,0,19.7333333333333,18.3333333333333,NaN,NaN,NaN,NaN,1,6,0,0,0,0,0,2,19
15,4.295,0,0,20.4666666666667,19.0454545454545,NaN,NaN,NaN,NaN,1,6,0,0,0,0,0,2,36
15,5.041,0,0,16.2,17.1604938271605,NaN,NaN,NaN,NaN,1,6,0,0,0,0,0,2,42
15,3.594,0,1,23.4666666666667,21.08,2.769,0.0811180821833607,2.769,0.0811180821833607,1,6,1,0,1,0,0,2,50
16,5.144,0,5,14.5333333333333,14.32,1.055,0.192910266863142,1.055,0.192910266863142,1,6,1,1,1,0,0,1,3
16,3.628,1.42857142857143,5,16.3846153846154,16.9148936170213,0.477,0.0909888589667158,0.477,0.0909888589667158,1,6,1,1,1,0,0,1,7
16,2.794,1.42857142857143,1,13.9230769230769,14.1428571428571,NaN,NaN,0.064,0.0934786530490074,1,6,1,0,1,0,0,1,36
17,5.843,0,0,12.1333333333333,15.680412371134,NaN,NaN,NaN,NaN,1,6,0,0,0,0,0,1,1
17,12.873,4.28571428571429,8,25,22.9124423963134,0.366,0.0573163856467358,0.366,0.0573163856467358,1,6,1,0,1,0,0,1,14
17,5.34,0,7,14.1333333333333,14.9692307692308,1.83,0.180274225063061,1.83,0.180274225063061,1,6,1,1,1,1,1,1,46
17,11.121,2.85714285714286,11,18.8,15.1780821917808,0.394,0.0556043086695566,0.394,0.0556043086695566,1,6,1,0,1,1,3,1,47
18,6.904,0,4,19.3333333333333,20.8440366972477,5.059,0.243532485310353,5.059,0.243532485310353,1,6,1,0,1,0,0,1,2
18,18.941,0,8,23.4,20.0664451827243,3.569,0.0964175944606493,3.569,0.0964175944606493,1,6,1,0,1,1,4,1,21
18,5.807,0,2,22.5333333333333,21.6195652173913,2.692,0.152204030938252,2.692,0.152204030938252,1,6,1,0,1,1,0,1,31
18,3.711,1.42857142857143,4,20.4615384615385,20.3478260869565,0.955,0.0610859063835204,0.955,0.0610859063835204,1,6,1,0,1,0,0,1,33
18,17.341,1.42857142857143,6,21.0769230769231,21.208480565371,0.951,0.218073121681375,0.951,0.218073121681375,1,6,1,0,1,1,3,1,42
19,18.002,0,18,11.3571428571429,11.2751677852349,NaN,NaN,0.227,0.810005716745396,1,6,1,0,1,0,0,1,8
19,12.892,0,7,10.9333333333333,11.9324324324324,1.137,0.370167735397903,1.137,0.370167735397903,1,6,1,1,1,0,0,1,34
19,6.791,0,0,10.2,11.6034482758621,NaN,NaN,NaN,NaN,1,6,0,0,0,0,0,1,47
20,5.108,1.42857142857143,8,15.6153846153846,16.304347826087,0.772,0.254188234395781,0.772,0.254188234395781,1,6,1,1,1,0,0,3,3
20,4.235,1.42857142857143,9,16.4615384615385,15.8039215686275,0.307,0.122113027603772,0.307,0.122113027603772,1,6,1,1,1,0,0,3,5
20,4.413,1.42857142857143,6,21.1818181818182,22.7833333333333,NaN,NaN,0.236,0.446852152736228,1,6,1,1,1,0,0,3,39
20,4.058,2.85714285714286,6,18.4615384615385,20.1636363636364,NaN,NaN,0.283,0.0827055819904815,1,6,1,1,1,0,0,3,42
20,5.807,0,7,15.8,15.030303030303,NaN,NaN,0.064,0.195759341503167,1,6,1,0,1,1,2,3,50
21,2.853,0,1,14.7333333333333,14.8947368421053,2.543,0.0921056842826203,2.543,0.0921056842826203,1,6,1,1,0,0,0,3,4
21,4.123,2.85714285714286,5,13.25,13.5294117647059,NaN,NaN,0.218,0.376407650338419,1,6,1,0,1,0,0,3,16
21,3.307,2.85714285714286,4,14.2222222222222,15,0.506,0.286146191082889,0.506,0.286146191082889,1,6,1,0,1,0,0,3,17
21,5.914,4.28571428571429,13,12.4444444444444,14.7323943661972,0.412,0.102770732461674,0.412,0.102770732461674,1,6,1,1,1,0,0,3,29
21,6.06,2.85714285714286,13,14,14.12,0.439,0.195173255196482,0.439,0.195173255196482,1,6,1,1,1,0,0,3,39
1,6.139,0,3,13.8666666666667,14.2061855670103,1.068,0.0595159053973336,1.068,0.0595159053973336,2,2,1,0,1,0,0,1,17
1,5.545,1.42857142857143,2,15.1538461538462,14.7241379310345,0.785,0.0817416378734302,0.785,0.0817416378734302,2,2,1,0,1,0,0,1,22
1,5.711,0,1,15.4666666666667,15.6914893617021,2.517,0.108517245195718,2.517,0.108517245195718,2,2,1,0,1,0,0,1,36
1,6.276,0,5,15.2666666666667,15.2291666666667,2.978,0.188775790619372,2.978,0.188775790619372,2,2,1,1,1,0,0,1,46
1,4.226,0,0,17.3333333333333,15.5230769230769,NaN,NaN,NaN,NaN,2,2,0,0,0,0,0,1,47
2,6.661,1.42857142857143,17,15.6923076923077,13.8809523809524,0.845,0.24744392677538,0.845,0.24744392677538,2,2,1,1,1,0,0,1,1
2,7.857,1.42857142857143,24,14.6153846153846,13.3636363636364,0.644,0.267263142728286,0.644,0.267263142728286,2,2,1,1,1,1,1,1,8
2,8.106,1.42857142857143,18,12.3571428571429,12.5591397849462,0.324,0.0610409999076506,0.324,0.0610409999076506,2,2,1,0,1,1,1,1,12
2,8.024,2.85714285714286,23,13.9,13.4470588235294,NaN,NaN,0.178,0.271679691355703,2,2,1,1,1,1,1,1,13
2,17.271,1.42857142857143,52,14.1538461538462,12.9190476190476,NaN,NaN,0.156,0.216337367723466,2,2,1,1,1,1,1,1,15
3,6.633,0,0,23.9333333333333,21.1504424778761,NaN,NaN,NaN,NaN,2,2,0,0,0,0,0,2,3
3,6.403,0,2,23.1333333333333,22.0952380952381,1.537,0.386524360986178,1.537,0.386524360986178,2,2,1,0,1,0,0,2,15
3,5.215,2.85714285714286,10,21.9166666666667,22.1714285714286,0.903,0.0578473368174988,0.903,0.0578473368174988,2,2,1,1,1,0,0,2,17
3,5.118,0,0,18.8666666666667,21.3132530120482,NaN,NaN,NaN,NaN,2,2,0,0,0,0,0,2,25
3,4.77,0,1,20.6,22.1081081081081,2.944,0.33396865096333,2.944,0.33396865096333,2,2,1,0,1,0,0,2,44
4,6.54,1.42857142857143,3,19.8461538461538,20.0288461538462,0.457,0.259640184980135,0.457,0.259640184980135,2,2,1,0,1,0,0,2,9
4,6.369,0,3,19.5333333333333,19.4356435643564,2.319,0.196924852493015,2.319,0.196924852493015,2,2,1,0,1,0,0,2,12
4,5.218,1.42857142857143,5,20.1538461538462,19.2987012987013,0.541,0.152684647929883,0.541,0.152684647929883,2,2,1,1,1,0,0,2,36
4,9.416,1.42857142857143,11,19.7857142857143,18.4013605442177,0.671,0.110708180245962,0.671,0.110708180245962,2,2,1,1,1,0,0,2,50
5,7.194,1.42857142857143,3,14.7692307692308,12.4615384615385,0.741,0.154326008240689,0.741,0.154326008240689,2,2,1,0,1,1,3,2,1
5,6.374,0,2,13,14.1875,3.111,0.156044551095313,3.111,0.156044551095313,2,2,1,0,1,1,1,2,6
5,5.941,0,11,12.8666666666667,16.3030303030303,1.378,0.321284416519962,1.378,0.321284416519962,2,2,1,1,1,1,1,2,28
5,6.059,0,7,15.2,13.8769230769231,1.371,0.742211470697772,1.371,0.742211470697772,2,2,1,1,1,1,3,2,29
5,5.406,1.42857142857143,5,12.3846153846154,12.6351351351351,0.777,0.108875253897833,0.777,0.108875253897833,2,2,1,0,1,1,1,2,38
6,3.974,0,2,18.0666666666667,16.7272727272727,1.544,0.20772044787242,1.544,0.20772044787242,2,2,1,0,1,0,0,2,12
6,4.382,2.85714285714286,6,14.8333333333333,15.4666666666667,0.306,0.148741275828707,0.306,0.148741275828707,2,2,1,1,1,0,0,2,23
6,2.766,1.42857142857143,4,17.6923076923077,17.1428571428571,0.781,0.0552264922334105,0.781,0.0552264922334105,2,2,1,1,1,0,0,2,39
6,6.554,0,12,18.8666666666667,18.448275862069,1.16,0.166628201440355,1.16,0.166628201440355,2,2,1,1,1,0,0,2,49
7,4.078,0,0,13.6,13.7903225806452,NaN,NaN,NaN,NaN,2,2,0,0,0,0,0,2,3
7,3.574,0,0,11.5333333333333,12.7692307692308,NaN,NaN,NaN,NaN,2,2,0,0,0,0,0,2,6
7,3.842,0,0,16.0666666666667,14.4912280701754,NaN,NaN,NaN,NaN,2,2,0,0,0,0,0,2,14
7,4.24,0,0,16.5333333333333,16.6461538461538,NaN,NaN,NaN,NaN,2,2,0,0,0,0,0,2,38
7,3.704,0,0,15.1333333333333,14.8727272727273,NaN,NaN,NaN,NaN,2,2,0,0,0,0,0,2,39
8,6.137,1.42857142857143,2,8,9.62222222222222,NaN,NaN,0.159,0.32424271437474,2,2,1,1,1,1,1,3,4
8,7.055,0,21,9.66666666666667,9.9672131147541,1.288,0.209399906644839,1.288,0.209399906644839,2,2,1,0,1,1,2,3,9
8,10.803,0,12,11.5,10.219696969697,0.987,0.0559954303018992,0.987,0.0559954303018992,2,2,1,0,1,1,4,3,10
8,5.023,0,10,12,10.5609756097561,1.067,0.217434927808448,1.067,0.217434927808448,2,2,1,1,1,1,2,3,20
8,4.122,0,8,11,9.11428571428571,1.273,0.291667658015226,1.273,0.291667658015226,2,2,1,0,1,1,1,3,46
9,6.021,0,4,21.4,23.2191780821918,1.41,0.306109851720042,1.41,0.306109851720042,2,2,1,0,1,1,2,2,4
9,5.57,0,3,23.2666666666667,24.3333333333333,3.077,0.112688825696219,3.077,0.112688825696219,2,2,1,0,1,1,1,2,9
9,5.685,0,4,24.4,24.6973684210526,2.6,0.218885047179644,2.6,0.218885047179644,2,2,1,1,1,1,1,2,18
9,6.176,0,7,23.9333333333333,24.3222222222222,2.745,0.307455734307597,2.745,0.307455734307597,2,2,1,1,1,0,0,2,23
9,6.041,0,5,25.4,24,4.135,0.152607877275498,4.135,0.152607877275498,2,2,1,1,1,0,0,2,26
10,13.699,2.85714285714286,13,15.0909090909091,17.9004524886878,0.43,0.22751462690533,0.43,0.22751462690533,2,2,1,1,1,1,1,2,2
10,14.863,2.85714285714286,19,18.4,19.1422413793103,NaN,NaN,0.166,0.199250725151353,2,2,1,0,1,1,1,2,5
10,15.764,1.42857142857143,19,23.25,21.9457364341085,NaN,NaN,0.21,0.281720306481062,2,2,1,0,1,0,0,2,15
10,13.648,1.42857142857143,16,19.4166666666667,21.3122171945701,NaN,NaN,0.227,0.117491577565003,2,2,1,0,1,0,0,2,21
10,17.413,1.42857142857143,33,16.6363636363636,19.4068441064639,NaN,NaN,0.2,0.0961763925598207,2,2,1,0,1,0,0,2,49
11,5.966,0,5,23.3333333333333,22.3370786516854,1.34,0.217901460097121,1.34,0.217901460097121,2,2,1,0,1,0,0,2,4
11,6.233,1.42857142857143,6,23.2307692307692,23.1868131868132,NaN,NaN,0.13,0.277837940010333,2,2,1,0,1,0,0,2,21
11,5.506,0,8,21.4,22.6,1.938,0.477642121272822,1.938,0.477642121272822,2,2,1,1,1,0,0,2,46
11,5.255,1.42857142857143,11,21.9166666666667,21.75,NaN,NaN,0.13,0.423604164143331,2,2,1,1,1,0,0,2,47
11,6.568,1.42857142857143,15,21.3076923076923,21.5058823529412,0.735,0.0733483929891263,0.735,0.0733483929891263,2,2,1,1,1,0,0,2,49
12,6.375,1.42857142857143,3,11.7692307692308,12.8115942028986,0.841,0.0578958957891025,0.841,0.0578958957891025,2,2,1,0,1,1,2,3,8
12,5.541,0,5,11.1333333333333,10.4938271604938,1.303,0.139649730707099,1.303,0.139649730707099,2,2,1,0,1,0,0,3,23
12,3.195,1.42857142857143,5,11.9166666666667,10.1944444444444,NaN,NaN,-0,0.0660631086252571,2,2,1,0,1,0,0,3,29
12,3.425,2.85714285714286,4,14.1818181818182,13.4047619047619,NaN,NaN,0.106,0.278794270809194,2,2,1,0,1,0,0,3,35
12,2.863,1.42857142857143,2,13.3846153846154,14.4,NaN,NaN,0.068,0.147828313524955,2,2,1,0,1,0,0,3,43
13,18.353,0,4,20.6666666666667,19.8338983050847,1.877,0.279497737759627,1.877,0.279497737759627,2,2,1,0,1,1,4,3,24
13,12.798,0,6,21.4666666666667,20.6096256684492,2.313,0.581486260263384,2.313,0.581486260263384,2,2,1,0,1,1,3,3,30
13,18.116,0,18,18.9090909090909,20.5668016194332,3.32,0.416015755196613,3.32,0.416015755196613,2,2,1,0,1,1,5,3,37
13,16.336,0,17,20.8,19.0290456431535,3.028,0.167216412463043,3.028,0.167216412463043,2,2,1,0,1,1,2,3,40
14,5.508,0,10,18.3333333333333,21.3968253968254,1.02,0.0734073327018235,1.02,0.0734073327018235,2,2,1,1,1,1,1,3,7
14,7.105,2.85714285714286,12,21.4444444444444,21.1034482758621,0.557,0.284502029934172,0.557,0.284502029934172,2,2,1,0,1,1,1,3,9
14,5.957,0,11,19.6,21.0975609756098,1.225,0.102834662069518,1.225,0.102834662069518,2,2,1,1,1,1,0,3,10
14,6.124,1.42857142857143,13,21.9285714285714,19.6060606060606,0.961,0.128991723997003,0.961,0.128991723997003,2,2,1,0,1,1,1,3,19
14,6.525,0,9,21.5333333333333,22.4938271604938,1.088,0.0786038849192254,1.088,0.0786038849192254,2,2,1,0,1,1,2,3,43
15,6.689,0,2,14.0666666666667,14.3008849557522,3.758,0.144831625841816,3.758,0.144831625841816,2,2,1,1,1,0,0,1,9
15,4.711,0,0,16,15.4933333333333,NaN,NaN,NaN,NaN,2,2,0,0,0,0,0,1,35
15,4.357,0,1,15.4,15.5909090909091,3.497,0.0563178080602264,3.497,0.0563178080602264,2,2,1,0,1,1,1,1,43
15,5.253,0,0,17.8,16.1395348837209,NaN,NaN,NaN,NaN,2,2,0,0,0,0,0,1,46
15,18.201,0,2,14.8666666666667,15.8823529411765,1.925,0.26199332539451,1.925,0.26199332539451,2,2,1,0,1,1,3,1,47
16,2.459,1.42857142857143,3,16.7692307692308,17.7142857142857,0.644,0.14502159161901,0.644,0.14502159161901,2,2,1,1,1,0,0,3,21
16,2.358,1.42857142857143,4,18.3076923076923,19.2916666666667,0.529,0.087191076026549,0.529,0.087191076026549,2,2,1,1,1,0,0,3,28
16,2.979,0,0,18.6666666666667,18,NaN,NaN,0.09,0.180684151968511,2,2,0,0,0,0,0,3,47
18,5.729,0,2,12.2,13.5714285714286,3.19,0.402375650535244,3.19,0.402375650535244,2,2,1,0,1,0,0,3,4
18,16.206,0,6,12.6666666666667,13.8339622641509,1.131,0.257460127334551,1.131,0.257460127334551,2,2,1,0,1,1,3,3,20
18,5.447,2.85714285714286,6,14.8181818181818,14.0759493670886,0.666,0.189949919628973,0.666,0.189949919628973,2,2,1,1,1,0,0,3,42
18,3.658,1.42857142857143,2,14.0769230769231,14.1923076923077,0.741,0.259139260740416,0.741,0.259139260740416,2,2,1,0,1,0,0,3,50
19,5.893,1.42857142857143,9,11.8461538461538,11.2051282051282,0.861,0.267407946051715,0.861,0.267407946051715,2,2,1,0,1,0,0,2,2
19,6.191,0,1,10.0666666666667,9.86538461538461,5.784,0.167078232570114,5.784,0.167078232570114,2,2,1,1,0,0,0,2,31
19,5.458,0,1,12,11.5057471264368,3.161,0.357398165509416,3.161,0.357398165509416,2,2,1,0,1,0,0,2,40
19,7.241,0,7,10.6666666666667,11.3867924528302,1.526,0.190416753206804,1.526,0.190416753206804,2,2,1,0,1,1,0,2,47
20,5.045,4.28571428571429,9,14.4444444444444,14.7352941176471,NaN,NaN,0.289,0.191785571855914,2,2,1,1,1,0,0,1,7
20,6.007,1.42857142857143,10,13,13.9268292682927,0.46,0.0806919751294878,0.46,0.0806919751294878,2,2,1,1,1,0,0,1,11
20,5.959,1.42857142857143,7,22.1538461538462,19.9764705882353,0.835,0.183800293463793,0.835,0.183800293463793,2,2,1,0,1,0,0,1,16
20,5.308,4.28571428571429,11,16.7,18.9565217391304,0.323,0.332712663848845,0.323,0.332712663848845,2,2,1,1,1,0,0,1,25
20,6.072,1.42857142857143,10,20.1818181818182,18.3139534883721,NaN,NaN,0.021,0.224160944773299,2,2,1,1,1,0,0,1,27
21,8.047,0,5,12.2,14,2.337,0.092243989030777,2.337,0.092243989030777,2,2,1,0,1,1,1,2,1
21,7.193,1.42857142857143,12,12.3333333333333,13.7058823529412,0.696,0.175133153943044,0.696,0.175133153943044,2,2,1,1,1,0,0,2,13
21,7.891,2.85714285714286,21,14.1,16,NaN,NaN,0.031,0.443898370901492,2,2,1,1,1,0,0,2,14
21,7.04,1.42857142857143,16,13.9230769230769,16.031914893617,0.361,0.182162262045648,0.361,0.182162262045648,2,2,1,1,1,0,0,2,24
21,6.593,0,11,18.5333333333333,28.2395833333333,1.828,0.273369597614057,1.828,0.273369597614057,2,2,1,1,1,0,0,2,40
1,5.324,0,2,13.4666666666667,13.5609756097561,2.53,0.111537166655887,2.53,0.111537166655887,2,4,1,0,1,0,0,3,7
1,4.912,0,0,13.7333333333333,14.9113924050633,NaN,NaN,NaN,NaN,2,4,0,0,0,0,0,3,20
1,6.747,1.42857142857143,3,18.7692307692308,15.8532110091743,0.45,0.0629763376002579,0.45,0.0629763376002579,2,4,1,0,1,0,0,3,36
1,6.875,1.42857142857143,6,14.5384615384615,15.8317757009346,0.95,0.177593510506659,0.95,0.177593510506659,2,4,1,1,1,0,0,3,42
1,5.332,0,0,16.4,15.7931034482759,NaN,NaN,NaN,NaN,2,4,0,0,0,0,0,3,44
2,7.925,2.85714285714286,20,12.7272727272727,13.1134020618557,NaN,NaN,0.085,0.0661634085915025,2,4,1,1,1,0,0,2,4
2,15.874,1.42857142857143,35,11.2,11.8258706467662,NaN,NaN,0.227,0.337093409827343,2,4,1,1,1,1,2,2,9
2,6.411,1.42857142857143,15,14.2307692307692,12.890625,0.725,0.520599607071864,0.725,0.520599607071864,2,4,1,1,1,1,1,2,16
2,8.322,2.85714285714286,24,15.5454545454545,14.7311827956989,NaN,NaN,0.048,0.354141571396367,2,4,1,1,1,1,0,2,17
3,5.949,0,3,19.6,22.6021505376344,2.488,0.37592809806587,2.488,0.37592809806587,2,4,1,0,1,0,0,1,1
3,6.156,1.42857142857143,4,19.4166666666667,20.25,0.392,0.465381376121617,0.392,0.465381376121617,2,4,1,1,1,0,0,1,13
3,5.59,0,2,19.8666666666667,20.1931818181818,1.262,0.497432546157726,1.262,0.497432546157726,2,4,1,0,1,0,0,1,20
3,7.416,1.42857142857143,2,18.8461538461538,18.4206349206349,0.617,0.45303366128986,0.617,0.45303366128986,2,4,1,1,1,0,0,1,39
3,5.418,1.42857142857143,4,18.7692307692308,19.3975903614458,0.921,0.125219118736289,0.921,0.125219118736289,2,4,1,0,1,0,0,1,40
4,10.562,1.42857142857143,8,20.4615384615385,21.4082840236686,0.408,0.106419576846008,0.408,0.106419576846008,2,4,1,0,1,1,1,2,7
4,11.389,0,13,20.2,20.8066298342541,1.113,0.110564302262113,1.113,0.110564302262113,2,4,1,1,1,0,0,2,14
4,12.409,1.42857142857143,13,18.6153846153846,20.2696078431373,NaN,NaN,0.187,0.178552734997352,2,4,1,1,1,0,0,2,16
4,12.621,0,16,20,21.3676470588235,NaN,NaN,0.122,0.0998829602435769,2,4,1,0,1,0,0,2,19
4,15.057,1.42857142857143,13,23.4615384615385,21.5692307692308,NaN,NaN,0.272,0.064314530607097,2,4,1,1,1,0,0,2,23
5,11.882,0,2,10.9333333333333,9.82178217821782,7.778,0.285079824551945,7.778,0.285079824551945,2,4,1,0,1,1,1,3,3
5,17.42,0,1,9.8,10.8006535947712,14.434,0.899840281515053,14.434,0.899840281515053,2,4,1,0,1,1,2,3,7
5,14.381,0,6,10.6666666666667,10.9070796460177,4.778,0.827447853253646,4.778,0.827447853253646,2,4,1,0,1,1,2,3,33
5,5.352,0,14,10.6666666666667,11.1785714285714,1.171,0.737754244487905,1.171,0.737754244487905,2,4,1,1,1,0,0,3,36
5,7.373,1.42857142857143,26,12.9230769230769,12.8846153846154,0.422,0.421499840876295,0.422,0.421499840876295,2,4,1,0,1,1,1,3,38
6,6.191,0,3,15.3333333333333,16.4752475247525,4.344,0.144809643562579,4.344,0.144809643562579,2,4,1,1,1,0,0,2,5
6,5.516,0,2,26.2,20.9195402298851,3.421,0.114606121260913,3.421,0.114606121260913,2,4,1,1,1,0,0,2,15
6,4.883,0,7,19.9333333333333,19.5074626865672,1.109,0.507573240302542,1.109,0.507573240302542,2,4,1,1,1,0,0,2,22
6,2.754,0,0,35.6,34.8857142857143,NaN,NaN,0.042,0.571426647027497,2,4,0,0,0,0,0,2,37
6,2.823,0,1,35.6666666666667,36.1428571428571,1.279,0.150033314430353,1.279,0.150033314430353,2,4,1,0,1,0,0,2,38
7,6.153,0,0,13.0666666666667,13.7669902912621,NaN,NaN,NaN,NaN,2,4,0,0,0,0,0,2,2
7,5.716,0,0,13,13.7368421052632,NaN,NaN,NaN,NaN,2,4,0,0,0,0,0,2,6
7,3.458,0,0,14.8666666666667,15.0612244897959,NaN,NaN,NaN,NaN,2,4,0,0,0,0,0,2,20
7,3.518,0,0,14.2,15.2156862745098,NaN,NaN,NaN,NaN,2,4,0,0,0,0,0,2,36
7,3.799,0,0,15.6666666666667,14,NaN,NaN,NaN,NaN,2,4,0,0,0,0,0,2,46
8,16.965,0,38,30.1666666666667,14.1049382716049,NaN,NaN,0.033,0.116802848774659,2,4,1,0,1,1,6,3,15
8,5.704,1.42857142857143,6,18.3333333333333,21.4561403508772,0.428,0.314632345729443,0.428,0.314632345729443,2,4,1,1,1,1,3,3,28
8,6.367,2.85714285714286,10,13.9090909090909,15.741935483871,0.336,0.206864967778354,0.336,0.206864967778354,2,4,1,1,1,1,3,3,29
8,5.155,0,1,22.4285714285714,21.984375,1.122,0.202920410874835,1.122,0.202920410874835,2,4,1,1,1,1,2,3,43
8,6.105,2.85714285714286,11,16.8181818181818,17.8235294117647,0.561,0.307608410636373,0.561,0.307608410636373,2,4,1,0,1,1,1,3,47
9,5.723,1.42857142857143,4,28.6153846153846,28.4651162790698,0.623,0.862288188817734,0.623,0.862288188817734,2,4,1,0,1,0,0,2,12
9,5.234,1.42857142857143,2,30.8181818181818,29.5308641975309,0.859,1.02326306258433,0.859,1.02326306258433,2,4,1,0,1,0,0,2,14
9,5.823,0,2,28.2666666666667,26.7894736842105,NaN,NaN,0.171,0.0536806009649962,2,4,1,0,1,0,0,2,30
11,7.891,2.85714285714286,25,20.5,22.0666666666667,NaN,NaN,0.007,0.444524233433409,2,4,1,1,1,0,0,3,2
11,10.802,5.71428571428571,29,22,24.4347826086957,NaN,NaN,0.08,0.434303231687746,2,4,1,0,1,1,0,3,10
11,4.739,5.71428571428571,13,25.4444444444444,24.1372549019608,NaN,NaN,0.101,0.352518112803646,2,4,1,1,1,0,0,3,27
11,5.5,8.57142857142857,27,29.3333333333333,27,NaN,NaN,0.163,0.509311664555169,2,4,1,0,1,0,0,3,41
11,3.523,5.71428571428571,13,21.5714285714286,23.76,NaN,NaN,0.01,0.439338269110328,2,4,1,0,1,0,0,3,44
12,6.121,2.85714285714286,3,12.8461538461538,13.816091954023,0.614,0.108666554314804,0.614,0.108666554314804,2,4,1,0,1,1,1,2,2
12,5.438,0,3,16.5,12.56,1.089,0.162010697764479,1.089,0.162010697764479,2,4,1,1,1,1,1,2,5
12,6.578,0,4,12.4666666666667,13.725,2.902,0.193302792288809,2.902,0.193302792288809,2,4,1,0,1,1,2,2,6
12,3.057,2.85714285714286,4,19.6923076923077,19.6756756756757,0.613,0.0724216442037514,0.613,0.0724216442037514,2,4,1,1,1,0,0,2,23
12,2.876,1.42857142857143,2,15.6923076923077,12.5,0.919,0.0738710692262315,0.919,0.0738710692262315,2,4,1,0,1,0,0,2,31
13,17.486,0,11,21.25,22.4584980237154,1.316,0.43711186282389,1.316,0.43711186282389,2,4,1,0,1,1,5,3,9
13,7.207,0,0,24.2,22.0235294117647,NaN,NaN,NaN,NaN,2,4,0,0,0,1,3,3,22
13,5.174,0,1,23.4,22.8285714285714,4.75,0.198732761015579,4.75,0.198732761015579,2,4,1,1,0,1,1,3,23
14,7.276,0,4,17.2666666666667,16.5757575757576,1.857,0.0836485689004072,1.857,0.0836485689004072,2,4,1,0,1,1,3,2,5
14,7.046,1.42857142857143,7,20.8,17.987012987013,NaN,NaN,0.142,0.18520268830029,2,4,1,0,1,1,4,2,19
14,6.19,1.42857142857143,8,18.7692307692308,19.7941176470588,0.95,0.0570266110924798,0.95,0.0570266110924798,2,4,1,1,1,1,2,2,21
14,6.04,0,7,18.8666666666667,19.3225806451613,1.079,0.795478831635205,1.079,0.795478831635205,2,4,1,1,1,1,3,2,31
14,6.039,0,7,17.6666666666667,18.5254237288136,NaN,NaN,0.049,0.0853219780098461,2,4,1,0,1,1,4,2,47
15,16.1,0,5,12.6666666666667,13.9137254901961,4.3,0.236333867224074,4.3,0.236333867224074,2,4,1,0,1,1,3,3,13
15,6.224,0,3,14,15.3409090909091,1.988,0.126517754159146,1.988,0.126517754159146,2,4,1,0,1,1,1,3,42
15,4.571,2.85714285714286,4,15.3333333333333,15.1803278688525,0.396,0.0639510750793473,0.396,0.0639510750793473,2,4,1,0,1,1,1,3,50
16,2.39,0,1,13.1333333333333,14.25,2.029,0.157152444852418,2.029,0.157152444852418,2,4,1,1,0,0,0,2,20
16,3.361,1.42857142857143,2,16.8461538461538,15.3409090909091,0.817,0.195622122696662,0.817,0.195622122696662,2,4,1,0,1,0,0,2,50
17,6.148,0,1,17.1333333333333,18.2574257425743,4.789,0.201805385734026,4.789,0.201805385734026,2,4,1,0,1,0,0,3,1
17,10.972,0,1,17.8666666666667,16.6296296296296,2.917,0.221287730035254,2.917,0.221287730035254,2,4,1,0,1,1,1,3,6
17,12.642,0,1,14.1333333333333,16.4615384615385,6.188,0.105811406985527,6.188,0.105811406985527,2,4,1,0,1,1,1,3,15
17,18.921,0,10,15.1333333333333,16,3.486,0.244680616593732,3.486,0.244680616593732,2,4,1,0,1,1,2,3,40
17,15.391,1.42857142857143,3,14.6923076923077,14.1872791519435,0.664,0.135762920285532,0.664,0.135762920285532,2,4,1,1,1,0,0,3,49
18,7.674,0,2,11.0666666666667,10.0615384615385,1.41,0.108123030631433,1.41,0.108123030631433,2,4,1,0,1,0,0,2,1
18,6.244,1.42857142857143,1,12,11.3592233009709,0.871,0.280728290718261,0.871,0.280728290718261,2,4,1,0,1,0,0,2,7
18,5.94,0,8,11.8,11.3855421686747,1.291,0.173702033650817,1.291,0.173702033650817,2,4,1,0,1,0,0,2,32
18,5.941,0,1,12.2666666666667,11.7474747474747,NaN,NaN,0.143,0.282161772630037,2,4,1,1,1,0,0,2,33
18,5.329,0,1,12.8,12.1411764705882,1.679,0.275177119335641,1.679,0.275177119335641,2,4,1,0,1,0,0,2,36
19,6.886,0,2,11.3333333333333,12.9051724137931,6.141,0.332543256799851,6.141,0.332543256799851,2,4,1,1,1,0,0,3,2
19,14.966,0,0,11.7333333333333,12.15,NaN,NaN,NaN,NaN,2,4,0,0,0,0,0,3,5
19,15.59,0,7,12,11.0446096654275,3.85,0.257387838943461,3.85,0.257387838943461,2,4,1,1,1,1,1,3,12
19,14.188,0,3,14.1333333333333,13.2261904761905,13.264,0.222500670621048,13.264,0.222500670621048,2,4,1,1,1,1,1,3,24
19,7.173,0,6,13.4,14.4054054054054,1.022,0.216381017387582,1.022,0.216381017387582,2,4,1,0,1,0,0,3,37
20,7.041,1.42857142857143,7,18.9285714285714,18.6574074074074,NaN,NaN,0.092,0.368728723492226,2,4,1,0,1,0,0,1,7
20,6.341,0,8,15.5333333333333,15.9278350515464,1.391,0.0854049616698595,1.391,0.0854049616698595,2,4,1,1,1,0,0,1,23
20,5.806,1.42857142857143,6,17.7692307692308,17,NaN,NaN,0.094,0.415987866442914,2,4,1,0,1,0,0,1,43
20,5.859,0,8,18.8666666666667,17.25,1.594,0.0842370455285434,1.594,0.0842370455285434,2,4,1,1,1,0,0,1,44
20,6.794,0,7,15.4,16.5490196078431,2.141,0.256622142365008,2.141,0.256622142365008,2,4,1,1,1,0,0,1,47
21,5.832,0,8,16.1333333333333,16.4375,1.175,0.486931347651135,1.175,0.486931347651135,2,4,1,1,1,0,0,3,3
21,5.473,2.85714285714286,8,15.3,14.8767123287671,NaN,NaN,0.279,0.233768525906811,2,4,1,0,1,0,0,3,7
21,6.643,1.42857142857143,14,17.3846153846154,15.8235294117647,0.772,0.0646976072773376,0.772,0.0646976072773376,2,4,1,1,1,0,0,3,8
21,6.423,1.42857142857143,6,21.1538461538462,24.659793814433,0.837,0.0598595953871026,0.837,0.0598595953871026,2,4,1,0,1,0,0,3,14
21,6.875,2.85714285714286,8,20.3333333333333,25.0188679245283,0.601,0.360964858348101,0.601,0.360964858348101,2,4,1,1,1,0,0,3,38
1,5.52,0,3,15.2,15.0344827586207,2.479,0.0775932257240959,2.479,0.0775932257240959,2,6,1,0,1,0,0,3,10
1,5.474,0,1,15,16.4659090909091,4.577,0.0726043320881268,4.577,0.0726043320881268,2,6,1,0,1,0,0,3,12
1,5.205,0,3,15.2666666666667,15.6923076923077,2.874,0.0838437157778051,2.874,0.0838437157778051,2,6,1,0,1,0,0,3,15
1,5.777,0,0,17.2666666666667,16.46875,NaN,NaN,NaN,NaN,2,6,0,0,0,0,0,3,31
1,4.962,0,1,17.4666666666667,18,4.705,0.980256299922072,4.705,0.980256299922072,2,6,1,1,0,0,0,3,38
2,13.753,1.42857142857143,29,11.2307692307692,11.546875,0.867,0.149873758785948,0.867,0.149873758785948,2,6,1,1,1,0,0,2,1
3,6.298,0,1,24.2,25.4230769230769,1.025,0.440650457015454,1.025,0.440650457015454,2,6,1,0,1,0,0,3,14
3,6.072,0,1,21.2,24.79,2.354,0.262690242513821,2.354,0.262690242513821,2,6,1,0,1,0,0,3,19
3,6.166,0,1,23.1333333333333,24.960396039604,1.87,0.205103279860146,1.87,0.205103279860146,2,6,1,0,1,0,0,3,22
3,5.169,0,0,24.7333333333333,23.6309523809524,NaN,NaN,NaN,NaN,2,6,0,0,0,0,0,3,26
3,6.248,0,2,23.2,22.4653465346535,4.019,0.376221509827975,4.019,0.376221509827975,2,6,1,0,1,0,0,3,33
4,5.126,0,1,22.1333333333333,21.7160493827161,3.992,0.121913105654571,3.992,0.121913105654571,2,6,1,0,1,0,0,1,11
4,3.095,0,2,21.3333333333333,22.35,2.099,0.161094960458475,2.099,0.161094960458475,2,6,1,1,1,0,0,1,13
4,5.274,0,2,19.6923076923077,22.3571428571429,NaN,NaN,0.278,0.0854097780549129,2,6,1,1,1,0,0,1,21
4,10.006,1.42857142857143,12,21.6923076923077,22.4539877300613,NaN,NaN,0.071,0.0747919710130329,2,6,1,1,1,0,0,1,33
4,4.224,0,2,22.5333333333333,21.7213114754098,1.076,0.133077387198703,1.076,0.133077387198703,2,6,1,0,1,0,0,1,47
5,6.412,0,0,10.3333333333333,12.1428571428571,NaN,NaN,NaN,NaN,2,6,0,0,0,1,2,3,4
5,5.307,0,0,10.0666666666667,10.1518987341772,NaN,NaN,NaN,NaN,2,6,0,0,0,1,1,3,7
5,11.961,0,4,12.4,11.505376344086,7.189,0.0954685465000693,7.189,0.0954685465000693,2,6,1,0,1,1,3,3,18
5,4.642,0,0,10.0666666666667,11.2602739726027,NaN,NaN,NaN,NaN,2,6,0,0,0,0,0,3,24
5,5.263,0,1,12.7333333333333,12.0405405405405,2.596,0.157451897253748,2.596,0.157451897253748,2,6,1,0,1,1,1,3,33
6,6.289,1.42857142857143,6,19.3846153846154,18.5473684210526,0.829,0.195899422453054,0.829,0.195899422453054,2,6,1,1,1,0,0,1,33
6,4.87,0,7,19,18.8939393939394,1.354,0.279593045432734,1.354,0.279593045432734,2,6,1,1,1,0,0,1,34
6,5.672,1.42857142857143,7,18.1666666666667,19.0963855421687,0.906,0.0651387059829923,0.906,0.0651387059829923,2,6,1,0,1,0,0,1,41
6,3.378,1.42857142857143,5,19.6666666666667,18.609756097561,0.36,0.274663595624294,0.36,0.274663595624294,2,6,1,1,1,0,0,1,44
6,4.686,0,7,21.0666666666667,19.2727272727273,2.347,0.0859193426037166,2.347,0.0859193426037166,2,6,1,1,1,0,0,1,48
7,3.488,0,0,17.0666666666667,14.4,NaN,NaN,NaN,NaN,2,6,0,0,0,0,0,1,3
7,3.459,0,0,15.7333333333333,15.16,NaN,NaN,NaN,NaN,2,6,0,0,0,0,0,1,15
7,3.052,0,0,14.4,15.219512195122,NaN,NaN,NaN,NaN,2,6,0,0,0,0,0,1,29
7,3.086,0,1,17,15.625,1.408,0.187659424406479,1.408,0.187659424406479,2,6,1,0,1,0,0,1,33
7,3.022,0,3,11.4666666666667,12.6,2.354,0.419525280029052,2.354,0.419525280029052,2,6,1,1,1,0,0,1,43
8,5.681,0,10,12,11.625,NaN,NaN,0.147,0.365993297988955,2,6,1,1,1,1,1,1,14
8,6.56,1.42857142857143,6,10.4166666666667,9.75280898876404,0.803,0.203099822880431,0.803,0.203099822880431,2,6,1,1,1,1,1,1,15
8,5.725,0,1,12.8333333333333,10.3648648648649,3.043,1.27932508811595,3.043,1.27932508811595,2,6,1,0,1,1,2,1,23
8,2.939,0,1,13.5333333333333,11.8461538461538,2.274,0.351969359056894,2.274,0.351969359056894,2,6,1,0,1,0,0,1,44
8,4.734,0,0,12.9333333333333,12.0675675675676,NaN,NaN,NaN,NaN,2,6,0,0,0,0,0,1,46
9,5.487,0,2,23.6666666666667,25.2352941176471,3.84,1.01998159648744,3.84,1.01998159648744,2,6,1,0,1,0,0,1,29
9,6.652,0,1,26,25.2212389380531,6.223,0.0775738605089998,6.223,0.0775738605089998,2,6,1,1,0,0,0,1,38
9,5.522,0,0,25.0666666666667,24.6373626373626,NaN,NaN,NaN,NaN,2,6,0,0,0,0,0,1,41
9,6.688,1.42857142857143,3,27.8461538461538,26.2371134020619,0.527,0.463908293485204,0.527,0.463908293485204,2,6,1,0,1,1,1,1,47
10,12.448,0,11,20.6,21.0331753554502,3.668,0.226137375001857,3.668,0.226137375001857,2,6,1,1,1,0,0,1,10
10,6.966,0,8,22,22.8867924528302,3.888,0.115316720845762,3.888,0.115316720845762,2,6,1,1,1,0,0,1,20
10,16.052,0,9,22.1333333333333,21.3356890459364,1.577,0.168960424011915,1.577,0.168960424011915,2,6,1,0,1,0,0,1,22
10,11.754,0,4,22.4,21.0240384615385,2.442,0.303360769034045,2.442,0.303360769034045,2,6,1,0,1,0,0,1,31
10,18.278,1.42857142857143,27,20.3076923076923,20.4797297297297,0.563,0.187792892813982,0.563,0.187792892813982,2,6,1,1,1,0,0,1,39
11,3.437,1.42857142857143,3,24.0769230769231,23.804347826087,0.5,0.0865823190720373,0.5,0.0865823190720373,2,6,1,0,1,0,0,3,3
11,3.339,4.28571428571429,10,18.1428571428571,22.2258064516129,NaN,NaN,0.004,0.327655925657262,2,6,1,1,1,0,0,3,11
11,3.704,2.85714285714286,6,24,22.1276595744681,0.515,0.346231483458193,0.515,0.346231483458193,2,6,1,1,1,0,0,3,13
11,4.423,0,5,23.6,23.3968253968254,1.591,0.139788177376246,1.591,0.139788177376246,2,6,1,0,1,0,0,3,17
11,4.951,5.71428571428571,14,23.625,24.4,NaN,NaN,0.111,0.408770498264353,2,6,1,1,1,0,0,3,33
12,5.417,0,4,10.5333333333333,12.3012048192771,2.508,0.0564930275953443,2.508,0.0564930275953443,2,6,1,0,1,0,0,1,1
12,5.532,0,3,12.5333333333333,12.3720930232558,3.282,0.0527740038139718,3.282,0.0527740038139718,2,6,1,0,1,0,0,1,2
12,3.97,0,2,11.25,14.1777777777778,1.076,0.128665257883707,1.076,0.128665257883707,2,6,1,0,1,1,1,1,23
12,3.246,0,2,12.7333333333333,13.3023255813953,1.209,0.0784045853676143,1.209,0.0784045853676143,2,6,1,0,1,0,0,1,26
12,3.468,0,8,14.8,15.1666666666667,NaN,NaN,0.132,0.150565251280715,2,6,1,1,1,0,0,1,36
13,4.474,0,1,22.0666666666667,22.0655737704918,4.098,0.0964509263391879,4.098,0.0964509263391879,2,6,1,1,0,1,1,1,30
13,18.716,0,4,19.2666666666667,22.2135593220339,3.086,0.609970654437765,3.086,0.609970654437765,2,6,1,0,1,1,5,1,39
13,3.988,0,3,22.4,23.3265306122449,2.121,0.470376227621536,2.121,0.470376227621536,2,6,1,1,1,1,1,1,47
14,5.127,0,3,18.125,19.2,NaN,NaN,0.191,0.798606210848267,2,6,1,1,1,1,4,1,14
14,9.593,1.42857142857143,11,19,20.2162162162162,NaN,NaN,0.245,0.357059894761465,2,6,1,0,1,1,9,1,32
14,2.063,0,1,19,17.1818181818182,1.285,0.266740256171947,1.285,0.266740256171947,2,6,1,0,1,1,1,1,45
14,4.659,1.42857142857143,6,17.8,18.8181818181818,NaN,NaN,0.116,0.157894107920796,2,6,1,1,1,1,5,1,47
15,14.454,1.42857142857143,5,15.8461538461538,13.2186234817814,0.876,0.317051399888099,0.876,0.317051399888099,2,6,1,1,1,1,2,2,7
15,5.408,0,0,13.8,14.2808988764045,NaN,NaN,NaN,NaN,2,6,0,0,0,0,0,2,27
15,5.106,0,0,14.8666666666667,14.3253012048193,NaN,NaN,NaN,NaN,2,6,0,0,0,1,1,2,44
15,13.555,0,4,12.8,13.6123348017621,5.191,0.116065123332698,5.191,0.116065123332698,2,6,1,1,1,1,2,2,45
15,4.843,0,2,13.8666666666667,14.0704225352113,2.826,0.106225261320452,2.826,0.106225261320452,2,6,1,0,1,0,0,2,49
16,3.942,0,4,13.8571428571429,15.2115384615385,NaN,NaN,0.227,0.151982734382175,2,6,1,1,1,0,0,1,1
16,3.296,1.42857142857143,3,14.6153846153846,13.2954545454545,0.824,0.0810409105081922,0.824,0.0810409105081922,2,6,1,1,1,0,0,1,5
16,2.078,2.85714285714286,3,14,13.7333333333333,0.449,0.0943633305006789,0.449,0.0943633305006789,2,6,1,0,1,0,0,1,13
16,2.025,1.42857142857143,4,12.75,12.8666666666667,0.409,0.167350181110996,0.409,0.167350181110996,2,6,1,1,1,0,0,1,28
16,4.123,0,1,14.7333333333333,12.983606557377,NaN,NaN,0.091,0.0638738117081879,2,6,1,0,1,0,0,1,48
17,11.441,0,14,13.1333333333333,14.951724137931,2.826,0.5439569711867,2.826,0.5439569711867,2,6,1,1,1,1,4,3,29
17,5.909,0,8,15.2666666666667,20.9811320754717,1.271,0.450556300450783,1.271,0.450556300450783,2,6,1,0,1,1,2,3,45
17,14.106,1.42857142857143,23,12.8461538461538,19.0196078431373,0.852,0.219456239966458,0.852,0.219456239966458,2,6,1,0,1,1,1,3,48
18,5.678,0,6,11.4,11.7058823529412,1.759,0.203767020429172,1.759,0.203767020429172,2,6,1,1,1,0,0,3,8
18,5.942,0,4,13.1333333333333,12.6315789473684,3.039,0.0789946553647895,3.039,0.0789946553647895,2,6,1,1,1,0,0,3,15
18,11.27,0,5,14.6,11.4512820512821,1.669,0.180390819401396,1.669,0.180390819401396,2,6,1,0,1,0,0,3,30
18,4.125,0,3,12.2666666666667,12.3666666666667,3.238,0.179862159016862,3.238,0.179862159016862,2,6,1,1,1,0,0,3,39
19,13.461,1.42857142857143,17,15.75,11.4417475728155,NaN,NaN,0.291,0.610568455013219,2,6,1,0,1,0,0,1,4
19,13.174,1.42857142857143,34,22.5,17.8553459119497,0.961,0.395719327247924,0.961,0.395719327247924,2,6,1,0,1,0,0,1,24
19,5.164,0,6,14.2,15.9,1.524,0.0591403046223574,1.524,0.0591403046223574,2,6,1,0,1,1,1,1,26
19,13.387,1.42857142857143,43,24.9230769230769,23.1194968553459,0.913,0.665698517936855,0.913,0.665698517936855,2,6,1,1,1,0,0,1,27
19,13.017,1.42857142857143,6,11.75,12.4803493449782,0.553,0.646248507523199,0.553,0.646248507523199,2,6,1,1,1,0,0,1,28
20,6.859,0,6,14.6,17.6941176470588,NaN,NaN,0.058,0.210853839631757,2,6,1,1,1,1,2,2,2
20,6.341,0,4,16.8,16.5434782608696,NaN,NaN,0.14,0.282214488430468,2,6,1,0,1,1,1,2,9
20,4.943,1.42857142857143,9,17.3076923076923,17.4769230769231,0.885,0.920965315471609,0.885,0.920965315471609,2,6,1,1,1,0,0,2,34
20,5.659,0,7,20.4666666666667,19.4625,NaN,NaN,0.095,0.239390963559322,2,6,1,1,1,0,0,2,37
20,10.624,1.42857142857143,12,20.7692307692308,20.4360465116279,0.464,0.265375377441175,0.464,0.265375377441175,2,6,1,1,1,0,0,2,50
21,6.596,0,10,15.0666666666667,15.3297872340426,1.398,0.156858816243121,1.398,0.156858816243121,2,6,1,1,1,0,0,3,1
21,6.266,1.42857142857143,13,14.4166666666667,15.8414634146341,NaN,NaN,0.208,0.577630851019605,2,6,1,1,1,0,0,3,8
21,3.894,0,6,16.8666666666667,16.0444444444444,1.177,0.17450098787818,1.177,0.17450098787818,2,6,1,0,1,0,0,3,12
21,5.51,2.85714285714286,16,18.75,18.2,0.623,0.0805020911431353,0.623,0.0805020911431353,2,6,1,1,1,0,0,3,18
21,3.261,2.85714285714286,4,14.5555555555556,15.8648648648649,NaN,NaN,0.249,0.192383185295887,2,6,1,0,1,0,0,3,28
1,6.284,0,1,12.9333333333333,13.1153846153846,4.922,0.139676443702821,4.922,0.139676443702821,3,2,1,0,1,0,0,3,5
1,5.741,0,1,14.4666666666667,13.7204301075269,2.482,0.219709515656071,2.482,0.219709515656071,3,2,1,0,1,0,0,3,15
1,7.313,0,2,12.7142857142857,14.4918032786885,0.973,0.404948615928246,0.973,0.404948615928246,3,2,1,0,1,0,0,3,27
1,5.226,0,1,13.4666666666667,14.0588235294118,4.825,0.0716798974303196,4.825,0.0716798974303196,3,2,1,1,0,0,0,3,33
1,6.297,0,2,13.6,13.7941176470588,2.432,0.0627161180050549,2.432,0.0627161180050549,3,2,1,0,1,0,0,3,42
2,6.388,0,7,12.1333333333333,12.0588235294118,1.314,0.226850554425967,1.314,0.226850554425967,3,2,1,1,1,1,1,3,17
2,7.824,1.42857142857143,14,14.3846153846154,13.7472527472527,NaN,NaN,0.264,0.251241166972132,3,2,1,1,1,1,2,3,29
2,6.074,2.85714285714286,14,14.8181818181818,17.0793650793651,NaN,NaN,0.14,0.191590126166558,3,2,1,1,1,1,2,3,36
2,6.322,4.28571428571429,19,18.3333333333333,16,0.395,0.16816255748818,0.395,0.16816255748818,3,2,1,1,1,1,2,3,38
2,5.956,1.42857142857143,10,12.9230769230769,12.6527777777778,0.668,0.171607355622461,0.668,0.171607355622461,3,2,1,1,1,1,1,3,49
3,5.302,0,2,24.2666666666667,20.9397590361446,3.091,0.446916770190522,3.091,0.446916770190522,3,2,1,1,1,0,0,2,11
3,6.452,0,3,20.0666666666667,19.9886363636364,2.555,0.972435133501079,2.555,0.972435133501079,3,2,1,0,1,1,1,2,29
3,5.918,0,3,17.1333333333333,19.2234042553191,4.057,0.548704851266614,4.057,0.548704851266614,3,2,1,1,1,0,0,2,39
3,5.643,1.42857142857143,3,17.8461538461538,18.5862068965517,0.73,0.29462528944569,0.73,0.29462528944569,3,2,1,0,1,0,0,2,44
3,4.035,0,1,20.8,21.1639344262295,3.627,0.389611183617083,3.627,0.389611183617083,3,2,1,1,0,0,0,2,50
4,10.557,1.42857142857143,10,13.9230769230769,13.6627906976744,0.679,0.223701159821704,0.679,0.223701159821704,3,2,1,0,1,0,0,2,11
4,14.107,1.42857142857143,11,12.6923076923077,12.125,0.739,0.18024677433425,0.739,0.18024677433425,3,2,1,0,1,0,0,2,13
4,10.891,1.42857142857143,13,12.7692307692308,14.7085714285714,0.85,0.0896596984031808,0.85,0.0896596984031808,3,2,1,1,1,0,0,2,20
4,14.91,0,10,12.7692307692308,13.3682008368201,1.471,0.0607015896895588,1.471,0.0607015896895588,3,2,1,1,1,1,2,2,30
4,11.924,1.42857142857143,13,15.1818181818182,13.8913043478261,0.759,0.0626933894832272,0.759,0.0626933894832272,3,2,1,1,1,1,1,2,32
5,4.791,0,1,12.0666666666667,12.2894736842105,4.379,0.147863186589683,4.379,0.147863186589683,3,2,1,1,0,0,0,1,10
5,6.105,0,0,11.4666666666667,12.0291262135922,NaN,NaN,NaN,NaN,3,2,0,0,0,0,0,1,11
5,6.22,0,2,10.3333333333333,11.4395604395604,1.751,0.234729248817238,1.751,0.234729248817238,3,2,1,0,1,1,1,1,29
5,5.771,0,5,10.3333333333333,10.5064935064935,1.102,0.208399492022063,1.102,0.208399492022063,3,2,1,1,1,1,1,1,35
5,4.655,0,10,9.13333333333333,11.0545454545455,2.279,0.402070563604649,2.279,0.402070563604649,3,2,1,0,1,0,0,1,50
6,6.41,0,1,22.6666666666667,21.8990825688073,5.907,0.143135734129481,5.907,0.143135734129481,3,2,1,1,1,0,0,2,3
6,11.192,0,2,25.7333333333333,23.02,7.068,0.103786878334656,7.068,0.103786878334656,3,2,1,0,1,0,0,2,15
6,11.257,1.42857142857143,14,26.9285714285714,26.1491712707182,0.961,0.325788874770001,0.961,0.325788874770001,3,2,1,0,1,0,0,2,23
6,5.063,1.42857142857143,3,27.7692307692308,26.9102564102564,0.741,0.100810216281088,0.741,0.100810216281088,3,2,1,0,1,0,0,2,41
6,9.559,0,3,28.7333333333333,27.6547619047619,5.913,0.128767721564399,5.913,0.128767721564399,3,2,1,1,1,0,0,2,44
7,5.6,0,0,18.1333333333333,16.8478260869565,NaN,NaN,NaN,NaN,3,2,0,0,0,0,0,2,4
7,4.769,0,0,19.2,17,NaN,NaN,NaN,NaN,3,2,0,0,0,0,0,2,7
7,6.052,0,0,17.9333333333333,17.9207920792079,NaN,NaN,NaN,NaN,3,2,0,0,0,0,0,2,10
7,6.45,0,0,17.5333333333333,16.8715596330275,NaN,NaN,NaN,NaN,3,2,0,0,0,0,0,2,18
7,4.754,0,2,13.8666666666667,12.56,4.328,0.0783456308445923,4.328,0.0783456308445923,3,2,1,1,0,0,0,2,31
8,18.762,1.42857142857143,36,13.1538461538462,14.543795620438,0.817,0.231476983724518,0.817,0.231476983724518,3,2,1,0,1,1,1,1,9
8,11.952,0,20,14,13.4285714285714,1.348,0.270831958773114,1.348,0.270831958773114,3,2,1,0,1,1,2,1,12
8,17.417,0,15,12,13.032967032967,1.5,0.136967200910439,1.5,0.136967200910439,3,2,1,1,1,1,3,1,28
8,3.085,1.42857142857143,6,14.6363636363636,15.3225806451613,0.801,0.0716777951066806,0.801,0.0716777951066806,3,2,1,1,1,0,0,1,34
8,6.714,0,8,12.8,18.6190476190476,1.195,0.271149498393442,1.195,0.271149498393442,3,2,1,0,1,1,3,1,36
9,6.712,0,0,22.2,22.7652173913043,NaN,NaN,NaN,NaN,3,2,0,0,0,0,0,2,3
9,6.019,0,3,22,23.2043010752688,3.954,0.161094805830854,3.954,0.161094805830854,3,2,1,0,1,0,0,2,4
9,6.371,0,0,21.6666666666667,23.0277777777778,NaN,NaN,NaN,NaN,3,2,0,0,0,0,0,2,19
9,7.615,0,7,22.8666666666667,24.1008403361345,1.992,0.181035665605426,1.992,0.181035665605426,3,2,1,0,1,0,0,2,31
10,12.702,1.42857142857143,6,18.9230769230769,19.8251121076233,0.564,0.269935625772967,0.564,0.269935625772967,3,2,1,0,1,0,0,2,7
10,6.088,0,3,17.1333333333333,19.2040816326531,2.442,0.139594026531614,2.442,0.139594026531614,3,2,1,1,1,0,0,2,15
10,6.866,1.42857142857143,5,18.8461538461538,19.2523364485981,0.745,0.357145716062042,0.745,0.357145716062042,3,2,1,0,1,0,0,2,21
10,15.618,4.28571428571429,13,19.25,19.9925093632959,0.546,0.48754751541388,0.546,0.48754751541388,3,2,1,0,1,0,0,2,24
10,5.415,0,2,19.6666666666667,20.9882352941176,1.733,0.132380350029599,1.733,0.132380350029599,3,2,1,0,1,0,0,2,45
11,6.005,0,4,17.6428571428571,18.9444444444444,NaN,NaN,0.233,0.183420356104776,3,2,1,0,1,0,0,1,1
11,7.082,1.42857142857143,19,19.8333333333333,20.5357142857143,0.627,0.2843649237197,0.627,0.2843649237197,3,2,1,1,1,0,0,1,8
11,6.965,0,9,23.0666666666667,21.34,1.206,0.246312454949452,1.206,0.246312454949452,3,2,1,0,1,0,0,1,16
11,7.002,4.28571428571429,24,23.7,22.2933333333333,0.49,0.64511105933497,0.49,0.64511105933497,3,2,1,1,1,0,0,1,20
11,6.569,1.42857142857143,21,19.5,21.0821917808219,0.8,0.237597810595717,0.8,0.237597810595717,3,2,1,1,1,0,0,1,32
12,4.776,1.42857142857143,1,15.3846153846154,16.7972972972973,0.381,0.094782559863693,0.381,0.094782559863693,3,2,1,0,1,0,0,2,4
12,2.441,1.42857142857143,1,14.2307692307692,13.7407407407407,0.321,0.239411639147763,0.321,0.239411639147763,3,2,1,0,1,0,0,2,12
12,3.477,0,1,16.1333333333333,18.8958333333333,NaN,NaN,0.083,0.10301346677977,3,2,1,0,1,1,1,2,40
12,3.341,0,2,15.7333333333333,14.9555555555556,2.505,0.056807625505895,2.505,0.056807625505895,3,2,1,1,1,0,0,2,47
13,14.489,0,0,20.2666666666667,19.0128205128205,NaN,NaN,NaN,NaN,3,2,0,0,0,1,3,2,2
13,4.591,0,1,21.4666666666667,19.8135593220339,4.146,0.194959610949612,4.146,0.194959610949612,3,2,1,1,0,1,1,2,50
14,6.91,1.42857142857143,3,19.25,20.0649350649351,0.35,0.639201943993126,0.35,0.639201943993126,3,2,1,0,1,1,4,1,6
14,8.626,1.42857142857143,7,20.5555555555556,19.6691729323308,NaN,NaN,0.285,0.745847080333699,3,2,1,1,1,1,1,1,12
14,6.425,0,11,21.5,21.1449275362319,1.305,0.505028867978057,1.305,0.505028867978057,3,2,1,1,1,1,2,1,27
14,6.543,1.42857142857143,13,20.4166666666667,18.7714285714286,NaN,NaN,0.204,0.287790639255879,3,2,1,1,1,1,2,1,36
15,5.342,0,3,13.8666666666667,15.2,4.374,0.239746189392677,4.374,0.239746189392677,3,2,1,1,1,1,1,1,35
16,6.064,1.42857142857143,6,14.4166666666667,14.3333333333333,0.906,0.128069944445533,0.906,0.128069944445533,3,2,1,1,1,0,0,3,1
16,3.458,0,4,16.6666666666667,16.7826086956522,2.075,0.0691548575295724,2.075,0.0691548575295724,3,2,1,1,1,0,0,3,9
16,4.379,2.85714285714286,9,13.75,14.5,NaN,NaN,0.026,0.055568034838745,3,2,1,1,1,0,0,3,27
16,2.941,1.42857142857143,3,14.4615384615385,14.1351351351351,NaN,NaN,0.262,0.193357699234018,3,2,1,1,1,0,0,3,45
16,2.674,1.42857142857143,4,15.9230769230769,14.75,0.765,0.0742688067469523,0.765,0.0742688067469523,3,2,1,1,1,0,0,3,50
17,5.272,0,1,16.4,16.1627906976744,4.925,0.168700844448236,4.925,0.168700844448236,3,2,1,1,0,0,0,2,1
17,12.688,0,5,25.8666666666667,23.36,2.311,0.0773838175842662,2.311,0.0773838175842662,3,2,1,0,1,0,0,2,39
17,6.341,0,0,14.7333333333333,15.4392523364486,NaN,NaN,NaN,NaN,3,2,0,0,0,0,0,2,40
17,11.192,0,17,12.9333333333333,13.962962962963,2.866,0.0609688536462411,2.866,0.0609688536462411,3,2,1,1,1,1,1,2,44
17,18.969,0,5,17.0666666666667,15.2763532763533,10.363,0.24734930422903,10.363,0.24734930422903,3,2,1,0,1,0,0,2,47
18,7.008,0,2,12.8,12.9259259259259,5.315,0.198043130591513,5.315,0.198043130591513,3,2,1,0,1,1,1,1,7
18,6.327,0,3,12.4,12.6601941747573,2.72,0.0709080414253551,2.72,0.0709080414253551,3,2,1,1,1,0,0,1,9
18,5.938,0,2,13.0666666666667,13.9690721649485,4.803,0.130811709087833,4.803,0.130811709087833,3,2,1,1,1,0,0,1,10
18,5.807,2.85714285714286,17,11.8,16.5666666666667,0.335,0.223846333572037,0.335,0.223846333572037,3,2,1,0,1,1,1,1,17
18,6.375,0,0,13,13.25,NaN,NaN,NaN,NaN,3,2,0,0,0,0,0,1,34
19,4.942,0,0,11,11.379746835443,NaN,NaN,NaN,NaN,3,2,0,0,0,0,0,3,2
19,6.511,0,2,11.2666666666667,11.8165137614679,5.276,0.278200162743658,5.276,0.278200162743658,3,2,1,1,1,0,0,3,3
19,6.574,0,5,9.6,10,4.008,0.948842611800596,4.008,0.948842611800596,3,2,1,1,1,0,0,3,9
19,6.192,0,4,11.8,12.234693877551,1.679,0.366355846609033,1.679,0.366355846609033,3,2,1,1,1,0,0,3,13
19,17.954,0,10,10.4,11.843949044586,4.045,0.704698296710347,4.045,0.704698296710347,3,2,1,0,1,0,0,3,38
20,5.858,1.42857142857143,8,20.1538461538462,17.710843373494,0.843,0.445102015807618,0.843,0.445102015807618,3,2,1,0,1,1,1,2,10
20,6.475,1.42857142857143,7,18.5384615384615,17.25,0.923,0.192328229780223,0.923,0.192328229780223,3,2,1,1,1,0,0,2,27
20,6.507,0,8,17,17.9166666666667,1.109,0.428618986357108,1.109,0.428618986357108,3,2,1,1,1,0,0,2,33
20,7.011,0,9,18.4666666666667,18.1666666666667,NaN,NaN,0.146,0.290598864812208,3,2,1,1,1,0,0,2,37
20,6.403,1.42857142857143,7,20.0769230769231,18.8478260869565,0.364,0.159849049583644,0.364,0.159849049583644,3,2,1,0,1,1,0,2,43
21,6.888,1.42857142857143,11,13.5384615384615,14.2842105263158,0.818,0.109503362913301,0.818,0.109503362913301,3,2,1,0,1,0,0,1,3
21,6.308,0,10,15.3333333333333,14.9080459770115,1.751,0.369955151731842,1.751,0.369955151731842,3,2,1,1,1,0,0,1,12
21,9.174,1.42857142857143,13,16,15.7553956834532,0.544,0.100617739508016,0.544,0.100617739508016,3,2,1,1,1,0,0,1,13
21,5.758,0,8,15.5333333333333,15.7088607594937,1.295,0.148334488624548,1.295,0.148334488624548,3,2,1,0,1,0,0,1,20
21,7.423,1.42857142857143,7,17,22.1696428571429,0.593,0.269385622643002,0.593,0.269385622643002,3,2,1,0,1,0,0,1,36
1,6.755,0,2,16.3333333333333,15.4035087719298,2.457,0.0746517673803862,2.457,0.0746517673803862,3,4,1,1,1,0,0,1,1
1,7.114,0,4,19.3333333333333,16.447619047619,2.202,0.0813111908416745,2.202,0.0813111908416745,3,4,1,0,1,1,1,1,10
1,6.723,0,2,16.8666666666667,16.9646017699115,3.369,0.0642421641810639,3.369,0.0642421641810639,3,4,1,1,1,0,0,1,33
1,6.371,1.42857142857143,2,17.6153846153846,18.9811320754717,0.933,0.0994067625235317,0.933,0.0994067625235317,3,4,1,0,1,0,0,1,37
1,5.652,0,1,21.4666666666667,18.978021978022,2.878,0.0521155877888332,2.878,0.0521155877888332,3,4,1,0,1,0,0,1,40
2,5.588,1.42857142857143,12,14.4166666666667,13.8928571428571,0.855,0.180270341335165,0.855,0.180270341335165,3,4,1,1,1,1,1,2,2
2,6.472,0,15,12.4666666666667,14.0454545454545,1.103,0.426079717743213,1.103,0.426079717743213,3,4,1,1,1,1,1,2,3
2,12.839,2.85714285714286,30,13.4545454545455,14.5,NaN,NaN,0.166,0.216387516521393,3,4,1,0,1,1,2,2,8
3,7.056,0,2,19.1333333333333,19.5677966101695,3.073,0.246251391366918,3.073,0.246251391366918,3,4,1,0,1,0,0,1,1
3,7.088,0,5,16.1333333333333,17.5132743362832,1.684,0.459025152598325,1.684,0.459025152598325,3,4,1,1,1,0,0,1,8
3,5.307,0,0,18.7333333333333,19.2528735632184,NaN,NaN,NaN,NaN,3,4,0,0,0,0,0,1,22
3,13.226,1.42857142857143,6,16.6153846153846,22.0560344827586,0.364,0.546908860668616,0.364,0.546908860668616,3,4,1,0,1,0,0,1,39
3,16.109,1.42857142857143,19,24,22.4,NaN,NaN,0.252,0.179266394901445,3,4,1,1,1,1,1,1,48
4,11.694,1.42857142857143,6,11.6923076923077,14.6479591836735,0.809,0.152221858440561,0.809,0.152221858440561,3,4,1,1,1,1,1,1,1
4,14.608,1.42857142857143,12,13.5384615384615,15.3694779116466,0.776,0.190838173392178,0.776,0.190838173392178,3,4,1,0,1,0,0,1,14
4,4.409,0,2,15.0666666666667,14.328125,1.412,0.159160026844769,1.412,0.159160026844769,3,4,1,0,1,0,0,1,42
4,13.06,0,9,14.1333333333333,13.7972972972973,NaN,NaN,0.163,0.0645998262473029,3,4,1,0,1,0,0,1,47
4,14.324,0,9,17.2,14.6487603305785,1.107,0.228788789652608,1.107,0.228788789652608,3,4,1,0,1,1,1,1,49
5,17.953,0,4,9.8,10.1339869281046,8.505,0.255607872964111,8.505,0.255607872964111,3,4,1,0,1,1,3,1,2
5,5.309,0,0,11.7333333333333,10.7816091954023,NaN,NaN,NaN,NaN,3,4,0,0,0,0,0,1,4
5,5.435,0,2,11.4666666666667,13.2533333333333,2.93,0.767426988186835,2.93,0.767426988186835,3,4,1,0,1,1,1,1,33
5,6.502,0,14,13.5333333333333,14.9275362318841,1.056,0.597518113726407,1.056,0.597518113726407,3,4,1,1,1,1,1,1,36
6,10.721,1.42857142857143,6,24.1538461538462,19.9011627906977,NaN,NaN,0.007,0.574587673146094,3,4,1,0,1,1,1,1,21
6,6.642,0,5,21.8,22.3823529411765,2.403,0.0616269554286821,2.403,0.0616269554286821,3,4,1,0,1,0,0,1,32
6,4.345,0,3,22.7333333333333,22.59375,3.053,0.0782596861136003,3.053,0.0782596861136003,3,4,1,1,1,0,0,1,39
6,3.045,0,3,23.5333333333333,25.8157894736842,1.584,0.101357007431279,1.584,0.101357007431279,3,4,1,0,1,0,0,1,48
7,6.248,0,3,13.4,14.3367346938776,2.865,0.275616564043924,2.865,0.275616564043924,3,4,1,0,1,0,0,1,7
7,5.639,1.42857142857143,1,15.5,15.1098901098901,0.696,0.670584011051168,0.696,0.670584011051168,3,4,1,0,1,0,0,1,19
7,3.943,0,0,14.5333333333333,15.2542372881356,NaN,NaN,NaN,NaN,3,4,0,0,0,0,0,1,33
7,3.82,0,0,15.6666666666667,14.6491228070175,NaN,NaN,NaN,NaN,3,4,0,0,0,0,0,1,38
7,6.248,0,2,14.5333333333333,15.2,2.154,1.24504828617607,2.154,1.24504828617607,3,4,1,0,1,0,0,1,39
8,3.873,0,5,10.0666666666667,11.375,1.091,0.317002762415435,1.091,0.317002762415435,3,4,1,1,1,1,1,1,9
8,5.623,2.85714285714286,10,17.3,16.5,0.346,0.343126995515334,0.346,0.343126995515334,3,4,1,1,1,1,2,1,31
8,7.669,1.42857142857143,11,17.8461538461538,21.2941176470588,NaN,NaN,0.191,0.0686220473242528,3,4,1,1,1,1,3,1,42
8,2.476,0,5,13,15.5,1.329,0.266309585538151,1.329,0.266309585538151,3,4,1,1,1,1,1,1,47
9,6.516,1.42857142857143,19,32.2307692307692,30.9324324324324,0.806,0.307170592107925,0.806,0.307170592107925,3,4,1,1,1,0,0,1,21
9,5.738,0,0,25.7333333333333,26.9368421052632,NaN,NaN,NaN,NaN,3,4,0,0,0,0,0,1,29
9,5.833,0,3,28.8666666666667,26.3522727272727,4.643,0.0934877595386916,4.643,0.0934877595386916,3,4,1,1,1,1,1,1,35
9,4.304,0,3,26.5333333333333,25.4918032786885,2.955,0.250397502330234,2.955,0.250397502330234,3,4,1,0,1,0,0,1,48
10,5.888,0,5,16.5333333333333,17.8181818181818,1.593,0.149070900662943,1.593,0.149070900662943,3,4,1,0,1,0,0,1,16
10,12.031,1.42857142857143,12,19.3333333333333,18.3092783505155,NaN,NaN,0.191,0.248405593845142,3,4,1,0,1,0,0,1,19
10,6.189,0,6,19.0666666666667,19.1290322580645,3.343,0.119267678713408,3.343,0.119267678713408,3,4,1,1,1,0,0,1,38
10,15.369,2.85714285714286,26,19.9,17.5,0.645,0.652025965365827,0.645,0.652025965365827,3,4,1,0,1,0,0,1,42
10,6.8,0,3,16.0666666666667,17.5727272727273,3.977,0.442776425135976,3.977,0.442776425135976,3,4,1,0,1,0,0,1,47
11,7.712,1.42857142857143,5,20.75,22.4516129032258,NaN,NaN,0.251,0.213748075234887,3,4,1,1,1,0,0,1,2
11,6.51,0,5,19.8666666666667,20.2020202020202,1.199,0.29330088203808,1.199,0.29330088203808,3,4,1,0,1,0,0,1,5
11,6.206,2.85714285714286,8,22.8,24.8275862068966,0.309,0.338525884307076,0.309,0.338525884307076,3,4,1,1,1,0,0,1,24
11,4.975,0,10,24.5384615384615,25.1016949152542,0.956,0.502182093938881,0.956,0.502182093938881,3,4,1,0,1,0,0,1,41
11,3.916,0,4,23.2857142857143,23.7592592592593,NaN,NaN,0.039,0.339433966301954,3,4,1,1,1,0,0,1,43
12,5.169,0,4,12.4,13.1375,1.328,0.0632022394560495,1.328,0.0632022394560495,3,4,1,1,1,0,0,3,17
12,3.675,0,0,11.4666666666667,13.8139534883721,NaN,NaN,NaN,NaN,3,4,0,0,0,1,1,3,19
12,3.936,2.85714285714286,5,11.2727272727273,15.4444444444444,NaN,NaN,0.275,0.18431273817103,3,4,1,1,1,1,1,3,31
12,4.367,0,2,13,14.15625,NaN,NaN,0.126,0.170739331887717,3,4,1,0,1,0,0,3,34
13,16.821,0,2,25,24.9068825910931,2.763,0.20263375208346,2.763,0.20263375208346,3,4,1,0,1,1,5,1,7
13,16.036,0,5,27.0833333333333,24.0087336244541,6.168,0.0542357920622037,6.168,0.0542357920622037,3,4,1,0,1,1,4,1,16
13,5.092,0,1,23.7333333333333,24.3088235294118,2.228,0.203709688540681,2.228,0.203709688540681,3,4,1,0,1,1,1,1,27
13,18.069,0,10,25.1333333333333,25.6913580246914,1.263,0.0929490959959785,1.263,0.0929490959959785,3,4,1,0,1,1,5,1,36
14,6.595,1.42857142857143,13,21.3333333333333,20.8153846153846,0.749,0.212452847019381,0.749,0.212452847019381,3,4,1,1,1,1,3,2,11
14,6.78,0,6,16.6,18.5094339622642,1.965,0.340010328995399,1.965,0.340010328995399,3,4,1,0,1,1,6,2,33
14,5.293,0,8,22.5,21.125,1.01,0.546532978412608,1.01,0.546532978412608,3,4,1,1,1,1,4,2,34
14,7.157,1.42857142857143,12,17.5555555555556,18.9830508474576,0.563,0.188043978530849,0.563,0.188043978530849,3,4,1,1,1,1,5,2,46
14,5.997,0,12,19.4615384615385,22.9166666666667,1.5,0.265655611557783,1.5,0.265655611557783,3,4,1,1,1,1,4,2,50
15,13.287,0,4,14.0666666666667,14.4468085106383,6.063,0.439563847587804,6.063,0.439563847587804,3,4,1,0,1,0,0,1,3
15,5.274,0,0,14.8666666666667,15.5116279069767,NaN,NaN,0.168,0.474216814837078,3,4,0,0,0,0,0,1,31
15,5.556,0,3,14.5333333333333,15.0705882352941,4.349,0.301584209235911,4.349,0.301584209235911,3,4,1,0,1,0,0,1,34
15,13.484,0,5,15.7333333333333,16.6833333333333,3.719,0.408600477400717,3.719,0.408600477400717,3,4,1,1,1,0,0,1,39
15,17.404,0,7,13.6666666666667,13.0899653979239,5.756,0.46876886723681,5.756,0.46876886723681,3,4,1,1,1,1,3,1,43
16,5.65,0,1,15.3333333333333,15.5054945054945,2.361,0.420814278461358,2.361,0.420814278461358,3,4,1,0,1,0,0,3,1
16,3.694,0,1,13.8,15,1.914,0.137772625025341,1.914,0.137772625025341,3,4,1,1,1,0,0,3,3
16,6.121,0,5,15.0666666666667,15,1.457,0.0835240463617166,1.457,0.0835240463617166,3,4,1,0,1,0,0,3,19
16,3.075,0,3,13.1333333333333,14.1052631578947,1.953,0.110702521575014,1.953,0.110702521575014,3,4,1,1,1,0,0,3,35
17,6.868,0,7,13.2666666666667,13.4230769230769,1.072,0.164532122264602,1.072,0.164532122264602,3,4,1,0,1,0,0,1,14
17,5.592,0,5,14.7333333333333,13.9642857142857,3.11,0.125962314860209,3.11,0.125962314860209,3,4,1,1,1,0,0,1,18
17,6.343,0,7,15,16.031914893617,1.555,0.285066436526147,1.555,0.285066436526147,3,4,1,0,1,0,0,1,21
18,6.776,0,2,10.8,12.9090909090909,5.309,0.219430875166132,5.309,0.219430875166132,3,4,1,0,1,1,1,3,20
18,10.056,0,3,11.1333333333333,12.1437125748503,NaN,NaN,0.176,0.224946430210954,3,4,1,0,1,1,2,3,27
18,5.759,0,4,9.2,11.3139534883721,1.74,0.204792343139506,1.74,0.204792343139506,3,4,1,0,1,1,0,3,33
18,5.109,1.42857142857143,4,13.6153846153846,13.88,NaN,NaN,0.14,0.113887489588979,3,4,1,0,1,0,0,3,50
19,6.427,0,6,12.7333333333333,11.8541666666667,3.312,0.508725634972767,3.312,0.508725634972767,3,4,1,1,1,0,0,2,26
19,6.075,0,4,10.2,11.0842105263158,2.766,0.396475621374126,2.766,0.396475621374126,3,4,1,1,1,0,0,2,28
19,5.302,0,2,11.8,11.8372093023256,4.633,0.201715420757639,4.633,0.201715420757639,3,4,1,1,1,0,0,2,47
20,5.624,0,4,25.8,17.9294117647059,2.333,0.149228406482045,2.333,0.149228406482045,3,4,1,1,1,0,0,3,19
20,18.352,1.42857142857143,34,17.2307692307692,18.247191011236,0.617,0.636958983905379,0.617,0.636958983905379,3,4,1,1,1,1,1,3,49
21,10.524,2.85714285714286,20,19.0909090909091,25.5986842105263,0.487,0.412473574441718,0.487,0.412473574441718,3,4,1,1,1,0,0,2,8
21,6.539,0,10,17.1333333333333,16.3956043956044,1.453,0.435717979126878,1.453,0.435717979126878,3,4,1,1,1,0,0,2,14
21,6.635,1.42857142857143,20,19.4166666666667,21.5128205128205,NaN,NaN,0.298,1.18145850466046,3,4,1,1,1,0,0,2,18
21,7.574,0,10,17.8,17.6521739130435,1.035,0.218650194812749,1.035,0.218650194812749,3,4,1,1,1,0,0,2,19
21,6.459,0,11,17.1333333333333,16.8494623655914,1.229,0.325148936815549,1.229,0.325148936815549,3,4,1,1,1,0,0,2,25
1,6.162,0,1,12,13.6078431372549,4.576,0.0735529438130091,4.576,0.0735529438130091,3,6,1,0,1,0,0,2,10
1,5.05,0,1,12.2666666666667,12.9367088607595,2.265,0.0948432668141819,2.265,0.0948432668141819,3,6,1,0,1,0,0,2,16
1,6.795,0,1,14.8666666666667,14,2.914,0.0703930985511711,2.914,0.0703930985511711,3,6,1,0,1,0,0,2,26
1,5.643,0,5,14.9333333333333,14.5609756097561,1.302,0.112308211257243,1.302,0.112308211257243,3,6,1,0,1,0,0,2,39
1,5.229,0,0,13.2,13.8,NaN,NaN,NaN,NaN,3,6,0,0,0,0,0,2,43
2,7.157,1.42857142857143,6,12.3333333333333,14.1743119266055,0.564,0.289409645788584,0.564,0.289409645788584,3,6,1,0,1,1,0,1,13
2,5.241,1.42857142857143,4,11.8461538461538,12.0131578947368,0.928,0.349093714966398,0.928,0.349093714966398,3,6,1,0,1,0,0,1,14
2,5.275,2.85714285714286,15,16.9090909090909,12.5892857142857,0.373,0.146760379674688,0.373,0.146760379674688,3,6,1,1,1,0,0,1,36
2,5.072,2.85714285714286,13,11.9090909090909,12.4642857142857,NaN,NaN,0.126,0.278828080554291,3,6,1,1,1,0,0,1,41
2,5.761,4.28571428571429,12,9.875,11.8805970149254,0.42,0.1970146966386,0.42,0.1970146966386,3,6,1,0,1,1,0,1,43
4,7.093,1.42857142857143,7,20,18.7090909090909,0.376,0.179915881381826,0.376,0.179915881381826,3,6,1,0,1,0,0,3,1
4,13.629,2.85714285714286,15,17.9090909090909,17.7174887892377,0.334,0.236885976590854,0.334,0.236885976590854,3,6,1,1,1,0,0,3,7
4,15.788,1.42857142857143,16,17.25,17.289156626506,NaN,NaN,0.074,0.0684764474042924,3,6,1,1,1,1,2,3,23
4,17.785,1.42857142857143,20,18.1818181818182,17.6770833333333,NaN,NaN,0.229,0.446425562684285,3,6,1,1,1,0,0,3,25
4,4.267,0,4,18.4,18.7,1.036,0.224710928917364,1.036,0.224710928917364,3,6,1,1,1,0,0,3,48
5,5.32,0,4,9.53333333333333,10.4545454545455,1.886,0.381438818503998,1.886,0.381438818503998,3,6,1,0,1,1,1,3,9
5,6.569,0,18,11.6666666666667,11.3731343283582,2.456,0.730256515890726,2.456,0.730256515890726,3,6,1,0,1,0,0,3,21
5,5.424,0,11,10.4,10.8245614035088,1.272,0.46814501412884,1.272,0.46814501412884,3,6,1,1,1,1,1,3,23
5,5.066,0,0,12.8666666666667,11.3424657534247,NaN,NaN,NaN,NaN,3,6,0,0,0,1,1,3,33
5,5.039,0,6,10.1333333333333,10.6271186440678,3.3,0.701988459706435,3.3,0.701988459706435,3,6,1,1,1,1,1,3,34
6,5.454,0,2,13.1333333333333,14.2441860465116,2.311,0.208143598756607,2.311,0.208143598756607,3,6,1,0,1,0,0,3,1
6,7.124,1.42857142857143,5,12.4615384615385,13.8103448275862,0.435,0.167949306969019,0.435,0.167949306969019,3,6,1,1,1,0,0,3,2
6,5.256,0,8,15.1428571428571,13.2837837837838,0.98,0.230312204445543,0.98,0.230312204445543,3,6,1,1,1,0,0,3,5
6,4.318,0,4,16.4,16.8387096774194,NaN,NaN,0.156,0.0628643546299689,3,6,1,1,1,0,0,3,19
6,2.628,1.42857142857143,5,14.0769230769231,14.72,0.466,0.16812445782797,0.466,0.16812445782797,3,6,1,1,1,0,0,3,46
7,6.073,0,0,18.7333333333333,16.4411764705882,NaN,NaN,NaN,NaN,3,6,0,0,0,0,0,3,6
7,3.958,0,0,16.6,16.3833333333333,NaN,NaN,NaN,NaN,3,6,0,0,0,0,0,3,17
7,2.887,0,0,16.0666666666667,16.1842105263158,NaN,NaN,NaN,NaN,3,6,0,0,0,0,0,3,18
7,3.716,0,0,15,16.2363636363636,NaN,NaN,NaN,NaN,3,6,0,0,0,0,0,3,29
7,3.686,0,0,18.8666666666667,17.2777777777778,NaN,NaN,NaN,NaN,3,6,0,0,0,0,0,3,32
8,11.629,1.42857142857143,5,8.46153846153846,9.68472906403941,0.735,0.474877291071529,0.735,0.474877291071529,3,6,1,1,1,0,0,2,5
8,3.121,1.42857142857143,4,8.84615384615385,9.37837837837838,0.719,0.107977389851905,0.719,0.107977389851905,3,6,1,1,1,0,0,2,16
8,4.431,1.42857142857143,4,7,9.12962962962963,0.93,0.219328918221661,0.93,0.219328918221661,3,6,1,1,1,1,1,2,25
8,4.79,1.42857142857143,11,8.53846153846154,8.58139534883721,NaN,NaN,0.016,0.786861607085767,3,6,1,1,1,1,1,2,26
8,4.41,1.42857142857143,8,8.84615384615385,10.6666666666667,0.326,0.198956801180059,0.326,0.198956801180059,3,6,1,1,1,1,1,2,38
9,6.834,0,7,19.8,19.9615384615385,2.305,0.882551046183373,2.305,0.882551046183373,3,6,1,0,1,1,3,3,17
9,6.67,0,2,18.9333333333333,20.0707070707071,NaN,NaN,0.099,0.270191977199436,3,6,1,0,1,1,1,3,30
9,5.699,1.42857142857143,3,21,21.2337662337662,0.899,0.163730561508461,0.899,0.163730561508461,3,6,1,1,1,1,1,3,43
9,5.282,0,1,17.5333333333333,18.6309523809524,4.547,0.0893777941220388,4.547,0.0893777941220388,3,6,1,0,1,1,0,3,46
10,12.741,1.42857142857143,20,17.2307692307692,18.8564102564103,0.955,0.396561900527255,0.955,0.396561900527255,3,6,1,0,1,0,0,3,16
10,5.559,1.42857142857143,11,19.75,19.2816901408451,0.833,0.487341543076667,0.833,0.487341543076667,3,6,1,0,1,0,0,3,23
10,11.655,1.42857142857143,12,18.1538461538462,18.515625,0.884,0.225997563081798,0.884,0.225997563081798,3,6,1,1,1,0,0,3,36
11,13.767,2.85714285714286,23,19,21.2961165048544,0.594,0.438474954461654,0.594,0.438474954461654,3,6,1,0,1,0,0,3,5
11,4.088,1.42857142857143,6,24.1666666666667,21.7884615384615,NaN,NaN,0.096,0.26313776411054,3,6,1,0,1,0,0,3,16
11,3.801,1.42857142857143,9,21.1666666666667,20.6279069767442,NaN,NaN,0.091,0.221554761502054,3,6,1,1,1,0,0,3,17
11,4.203,0,8,21.6666666666667,21.36,NaN,NaN,0.041,0.513517477500411,3,6,1,1,1,0,0,3,19
11,6.399,2.85714285714286,15,23.7,21.8690476190476,0.791,0.416000828206915,0.791,0.416000828206915,3,6,1,1,1,1,0,3,29
12,3.698,2.85714285714286,3,9.54545454545454,11.1020408163265,NaN,NaN,0.254,0.218582747680182,3,6,1,0,1,0,0,2,11
12,4.107,0,0,11.5333333333333,12.6666666666667,NaN,NaN,NaN,NaN,3,6,0,0,0,0,0,2,25
12,4.655,1.42857142857143,4,9.54545454545454,12.0625,NaN,NaN,0.156,0.139995529740879,3,6,1,0,1,0,0,2,31
12,5.884,2.85714285714286,8,14.8333333333333,13.2571428571429,NaN,NaN,0.024,0.339983578287989,3,6,1,0,1,1,1,2,36
12,5.67,0,15,17.625,13.9803921568627,1.254,0.160988124817279,1.254,0.160988124817279,3,6,1,0,1,1,1,2,41
13,6.895,0,7,22.1333333333333,25.9245283018868,1.668,0.479472071319404,1.668,0.479472071319404,3,6,1,0,1,1,4,3,2
13,5.403,0,5,19.6,21.9701492537313,1.674,0.179970633615535,1.674,0.179970633615535,3,6,1,1,1,1,1,3,48
14,6.59,1.42857142857143,6,18.3846153846154,20.859649122807,0.79,0.132987055492618,0.79,0.132987055492618,3,6,1,0,1,1,5,3,3
14,8.373,0,5,17.6,21.3372093023256,1.919,0.360517371744825,1.919,0.360517371744825,3,6,1,0,1,1,6,3,12
14,6.074,1.42857142857143,7,20.6923076923077,21.7878787878788,0.407,0.239793203290333,0.407,0.239793203290333,3,6,1,0,1,1,2,3,25
15,5.46,0,1,14.6666666666667,15.2988505747126,3.561,0.137209196549459,3.561,0.137209196549459,3,6,1,0,1,0,0,2,9
15,11.822,0,2,16.5454545454545,15.6683168316832,1.593,0.160945012748135,1.593,0.160945012748135,3,6,1,0,1,1,1,2,10
15,4.293,0,0,14.1333333333333,13.6969696969697,NaN,NaN,NaN,NaN,3,6,0,0,0,0,0,2,23
15,18.284,0,6,16.2,15.7723880597015,1.125,0.173134160472254,1.125,0.173134160472254,3,6,1,0,1,1,5,2,50
16,10.205,1.42857142857143,15,14.0833333333333,13.7483870967742,0.399,0.154509519032685,0.399,0.154509519032685,3,6,1,1,1,0,0,2,3
16,11.526,1.42857142857143,18,14.0833333333333,14.1340782122905,NaN,NaN,0.031,0.0652902371428497,3,6,1,1,1,0,0,2,5
16,15.852,1.42857142857143,25,13.8461538461538,14.1619433198381,NaN,NaN,0.105,0.107988416695339,3,6,1,0,1,0,0,2,7
16,11.172,1.42857142857143,13,14.6153846153846,15.6502732240437,0.735,0.183356668720469,0.735,0.183356668720469,3,6,1,1,1,0,0,2,8
16,4.643,0,7,12.3333333333333,12.8032786885246,NaN,NaN,0.055,0.164256189981404,3,6,1,1,1,0,0,2,23
17,15.852,0,5,15.2,16.1067615658363,8.197,0.222055315589264,8.197,0.222055315589264,3,6,1,1,1,1,1,2,8
17,18.466,0,4,25.2666666666667,22.715625,2.742,0.115519281753779,2.742,0.115519281753779,3,6,1,0,1,1,2,2,17
17,18.856,0,22,14.2666666666667,15.6645569620253,1.402,0.345556633045728,1.402,0.345556633045728,3,6,1,1,1,0,0,2,48
18,5.357,0,4,11.9333333333333,11.3552631578947,1.13,0.126056261627979,1.13,0.126056261627979,3,6,1,1,1,1,1,2,18
18,4.094,1.42857142857143,5,13.25,12.9622641509434,0.747,0.756093525032794,0.747,0.756093525032794,3,6,1,1,1,0,0,2,20
18,5.527,0,2,11.6,11.7209302325581,2.915,0.210260221317573,2.915,0.210260221317573,3,6,1,0,1,1,0,2,21
18,3.376,4.28571428571429,11,11.375,11.9130434782609,0.526,0.383575855834712,0.526,0.383575855834712,3,6,1,1,1,0,0,2,29
18,5.957,1.42857142857143,11,11.4615384615385,12.225,0.752,0.0843429670231537,0.752,0.0843429670231537,3,6,1,0,1,0,0,2,42
19,17.771,2.85714285714286,12,8.9,9.63665594855305,0.656,1.03026903111736,0.656,1.03026903111736,3,6,1,0,1,0,0,2,12
19,5.374,1.42857142857143,5,13.3333333333333,11.5066666666667,0.66,0.206219257192958,0.66,0.206219257192958,3,6,1,0,1,0,0,2,20
19,5.509,0,1,10.5333333333333,11.032967032967,5.155,0.506974607057687,5.155,0.506974607057687,3,6,1,1,0,0,0,2,21
19,4.975,0,1,10.5333333333333,11.6,4.594,0.32087077070687,4.594,0.32087077070687,3,6,1,1,0,0,0,2,50
20,7.222,0,10,18.8666666666667,19.5051546391753,1.23,0.147980196722927,1.23,0.147980196722927,3,6,1,1,1,1,1,2,10
20,7.937,1.42857142857143,10,13.3846153846154,16.1794871794872,NaN,NaN,0.151,0.170215970100186,3,6,1,0,1,1,0,2,11
20,6.942,1.42857142857143,11,18.0769230769231,17.1764705882353,0.354,0.136690673135718,0.354,0.136690673135718,3,6,1,1,1,0,0,2,15
20,6.075,1.42857142857143,6,13.7692307692308,15.3369565217391,0.305,0.292906301681088,0.305,0.292906301681088,3,6,1,0,1,0,0,2,28
20,6.043,0,11,15.7333333333333,15.8732394366197,1.1,0.20785190621206,1.1,0.20785190621206,3,6,1,1,1,1,1,2,44
21,7.857,1.42857142857143,9,24.2307692307692,19.6260162601626,0.335,0.128986019233166,0.335,0.128986019233166,3,6,1,1,1,0,0,1,23
21,5.359,2.85714285714286,7,25.6363636363636,21.8108108108108,0.472,0.235381485527096,0.472,0.235381485527096,3,6,1,0,1,0,0,1,29
21,5.34,2.85714285714286,12,17.6363636363636,18.8235294117647,0.306,0.199114956322385,0.306,0.199114956322385,3,6,1,1,1,0,0,1,32
21,3.895,2.85714285714286,6,15.8,16.6666666666667,0.353,0.374315569902147,0.353,0.374315569902147,3,6,1,0,1,1,1,1,35
21,6.712,1.42857142857143,10,19,25.2386363636364,0.533,0.247653241237953,0.533,0.247653241237953,3,6,1,0,1,0,0,1,47
